sales_date,category,sub_category,total_sales,total_orders
2018-01-01,Furniture,Chairs,310.74,1
2018-01-01,Furniture,Furnishings,664.75,3
2018-01-01,Office Supplies,Appliances,15.22,1
2018-01-01,Office Supplies,Art,12.74,1
2018-01-01,Office Supplies,Binders,23.82,3
2018-01-01,Office Supplies,Storage,454.56,1
2015-01-02,Technology,Accessories,468.9,1
2017-01-02,Office Supplies,Paper,105.52,1
2017-01-02,Office Supplies,Storage,56.45,1
2015-01-03,Furniture,Chairs,1453.93,3
2015-01-03,Furniture,Furnishings,63.55,1
2015-01-03,Furniture,Tables,376.51,1
2015-01-03,Office Supplies,Fasteners,18.84,1
2015-01-03,Office Supplies,Paper,17.47,1
2015-01-03,Office Supplies,Storage,266.9,2
2015-01-03,Technology,Phones,5.94,1
2016-01-03,Furniture,Bookcases,1228.0,1
2016-01-03,Furniture,Chairs,184.75,1
2016-01-03,Office Supplies,Appliances,3.55,1
2016-01-03,Office Supplies,Art,55.33,1
2016-01-03,Office Supplies,Binders,58.72,1
2016-01-03,Technology,Phones,111.82,2
2017-01-03,Furniture,Tables,836.59,1
2017-01-03,Office Supplies,Paper,26.38,1
2017-01-03,Office Supplies,Storage,362.92,1
2017-01-03,Technology,Machines,4899.93,1
2017-01-03,Technology,Phones,159.98,1
2015-01-04,Office Supplies,Binders,23.33,2
2015-01-04,Office Supplies,Labels,29.6,1
2015-01-04,Office Supplies,Storage,66.96,1
2017-01-04,Furniture,Chairs,1317.49,1
2017-01-04,Furniture,Furnishings,7.04,1
2017-01-04,Office Supplies,Appliances,30.14,1
2017-01-04,Office Supplies,Art,451.76,5
2017-01-04,Office Supplies,Binders,17.94,2
2017-01-04,Office Supplies,Fasteners,31.56,1
2017-01-04,Office Supplies,Labels,20.7,1
2017-01-04,Office Supplies,Storage,161.94,1
2017-01-04,Office Supplies,Supplies,74.79,2
2017-01-04,Technology,Phones,48.11,2
2018-01-04,Furniture,Bookcases,482.66,1
2018-01-04,Furniture,Chairs,218.35,1
2018-01-04,Furniture,Furnishings,127.95,1
2018-01-04,Office Supplies,Appliances,20.81,1
2018-01-04,Office Supplies,Binders,121.68,1
2018-01-04,Office Supplies,Envelopes,28.4,1
2018-01-04,Office Supplies,Labels,12.04,2
2018-01-04,Office Supplies,Paper,42.93,1
2018-01-04,Office Supplies,Storage,94.2,1
2018-01-04,Technology,Machines,4799.98,1
2018-01-04,Technology,Phones,23.98,1
2016-01-05,Furniture,Furnishings,63.55,1
2016-01-05,Office Supplies,Art,172.7,1
2016-01-05,Office Supplies,Binders,12.18,1
2016-01-05,Office Supplies,Storage,37.32,1
2016-01-05,Office Supplies,Supplies,76.44,2
2016-01-05,Technology,Phones,88.75,1
2017-01-05,Furniture,Tables,370.62,1
2017-01-05,Office Supplies,Art,11.16,1
2017-01-05,Office Supplies,Binders,2.74,1
2017-01-05,Office Supplies,Labels,3.98,1
2017-01-05,Office Supplies,Paper,129.36,2
2018-01-05,Furniture,Bookcases,314.35,1
2018-01-05,Furniture,Chairs,2803.92,1
2018-01-05,Furniture,Tables,933.26,1
2018-01-05,Office Supplies,Labels,4.61,1
2018-01-05,Office Supplies,Supplies,3.33,1
2018-01-05,Technology,Accessories,48.9,1
2015-01-06,Furniture,Chairs,2001.86,1
2015-01-06,Furniture,Furnishings,22.2,1
2015-01-06,Office Supplies,Appliances,1568.77,2
2015-01-06,Office Supplies,Art,289.2,1
2015-01-06,Office Supplies,Binders,184.04,2
2015-01-06,Office Supplies,Paper,73.8,2
2015-01-06,Office Supplies,Storage,166.72,1
2015-01-06,Technology,Phones,881.93,1
2016-01-06,Office Supplies,Binders,409.41,2
2016-01-06,Office Supplies,Labels,28.91,1
2016-01-06,Office Supplies,Paper,54.0,2
2016-01-06,Technology,Phones,341.88,2
2018-01-06,Office Supplies,Appliances,17.48,1
2018-01-06,Office Supplies,Binders,57.7,2
2018-01-06,Office Supplies,Paper,27.74,1
2018-01-06,Office Supplies,Storage,324.74,1
2018-01-06,Technology,Phones,158.38,1
2015-01-07,Office Supplies,Binders,25.1,2
2015-01-07,Technology,Phones,575.92,1
2017-01-07,Office Supplies,Binders,75.04,3
2017-01-07,Office Supplies,Labels,30.53,1
2017-01-07,Office Supplies,Paper,88.02,2
2017-01-07,Technology,Accessories,30.84,1
2017-01-07,Technology,Copiers,1499.95,1
2018-01-07,Office Supplies,Binders,169.99,1
2018-01-07,Office Supplies,Paper,25.92,1
2018-01-07,Office Supplies,Storage,443.92,1
2015-01-08,Furniture,Furnishings,44.13,1
2015-01-08,Office Supplies,Appliances,62.92,1
2015-01-08,Office Supplies,Binders,19.75,1
2015-01-08,Office Supplies,Fasteners,5.68,1
2015-01-08,Office Supplies,Labels,17.54,1
2015-01-08,Office Supplies,Paper,78.3,1
2016-01-08,Furniture,Tables,1004.98,1
2016-01-08,Office Supplies,Art,6.72,1
2017-01-08,Furniture,Furnishings,19.31,1
2017-01-08,Office Supplies,Appliances,45.96,1
2017-01-08,Office Supplies,Paper,19.65,1
2017-01-08,Technology,Phones,1039.73,1
2018-01-08,Office Supplies,Binders,54.9,1
2018-01-08,Office Supplies,Paper,36.29,1
2018-01-08,Office Supplies,Storage,186.54,1
2018-01-08,Technology,Machines,1439.98,1
2018-01-08,Technology,Phones,367.94,2
2015-01-09,Office Supplies,Art,53.94,1
2015-01-09,Office Supplies,Binders,27.39,2
2015-01-09,Office Supplies,Paper,31.1,1
2015-01-09,Technology,Accessories,357.0,1
2016-01-09,Furniture,Chairs,60.74,1
2016-01-09,Furniture,Furnishings,124.36,1
2016-01-09,Office Supplies,Binders,133.72,3
2016-01-09,Office Supplies,Storage,1088.76,1
2016-01-09,Technology,Copiers,959.98,1
2017-01-09,Furniture,Furnishings,191.82,1
2017-01-09,Office Supplies,Appliances,376.74,1
2017-01-09,Office Supplies,Art,11.96,1
2017-01-09,Office Supplies,Binders,4438.24,5
2017-01-09,Office Supplies,Envelopes,34.66,2
2017-01-09,Office Supplies,Fasteners,16.69,1
2017-01-09,Office Supplies,Paper,104.16,3
2017-01-09,Office Supplies,Supplies,10.95,1
2017-01-09,Technology,Accessories,548.17,3
2017-01-09,Technology,Phones,32.77,2
2018-01-09,Furniture,Chairs,498.26,1
2018-01-09,Furniture,Furnishings,114.9,1
2018-01-09,Furniture,Tables,283.56,1
2018-01-09,Office Supplies,Appliances,314.6,1
2018-01-09,Office Supplies,Art,7.58,1
2018-01-09,Office Supplies,Binders,22.92,1
2018-01-09,Technology,Accessories,19.99,1
2015-01-10,Office Supplies,Fasteners,4.71,1
2016-01-10,Office Supplies,Binders,25.44,2
2016-01-10,Office Supplies,Storage,139.42,1
2016-01-10,Technology,Accessories,108.77,1
2016-01-10,Technology,Phones,884.78,2
2017-01-10,Furniture,Chairs,194.85,1
2017-01-10,Furniture,Furnishings,41.85,1
2017-01-10,Furniture,Tables,330.59,1
2017-01-10,Office Supplies,Art,30.98,1
2017-01-10,Office Supplies,Binders,5.39,1
2017-01-10,Office Supplies,Paper,28.35,1
2017-01-10,Technology,Accessories,79.51,1
2017-01-10,Technology,Phones,69.9,1
2018-01-10,Furniture,Chairs,559.76,2
2018-01-10,Office Supplies,Appliances,241.96,1
2018-01-10,Office Supplies,Art,6.67,1
2018-01-10,Office Supplies,Binders,144.3,3
2018-01-10,Office Supplies,Paper,216.13,3
2018-01-10,Technology,Accessories,104.75,1
2018-01-10,Technology,Machines,1704.89,1
2015-01-11,Furniture,Furnishings,31.68,1
2015-01-11,Office Supplies,Appliances,610.06,2
2015-01-11,Office Supplies,Art,59.09,3
2015-01-11,Office Supplies,Fasteners,7.52,1
2015-01-11,Office Supplies,Labels,92.21,2
2015-01-11,Office Supplies,Paper,205.04,3
2015-01-11,Office Supplies,Storage,513.44,2
2015-01-11,Technology,Phones,3118.78,3
2016-01-11,Furniture,Chairs,532.73,2
2016-01-11,Furniture,Furnishings,259.7,1
2016-01-11,Furniture,Tables,301.96,1
2016-01-11,Office Supplies,Art,7.88,1
2016-01-11,Office Supplies,Fasteners,3.17,1
2016-01-11,Office Supplies,Paper,13.52,1
2016-01-11,Technology,Accessories,1435.29,2
2016-01-11,Technology,Phones,551.86,3
2017-01-11,Office Supplies,Envelopes,251.79,1
2017-01-11,Office Supplies,Storage,111.67,1
2017-01-11,Technology,Accessories,68.11,1
2017-01-11,Technology,Phones,21.8,1
2018-01-11,Furniture,Tables,2665.62,1
2018-01-11,Office Supplies,Binders,25.12,1
2018-01-11,Office Supplies,Paper,230.69,2
2015-01-12,Furniture,Chairs,4391.62,3
2015-01-12,Furniture,Furnishings,121.99,4
2015-01-12,Office Supplies,Art,46.64,1
2015-01-12,Office Supplies,Paper,36.29,1
2015-01-12,Technology,Copiers,659.99,1
2015-01-12,Technology,Phones,367.87,2
2016-01-12,Furniture,Chairs,4680.59,2
2016-01-12,Furniture,Furnishings,6.69,1
2016-01-12,Furniture,Tables,1913.4,1
2016-01-12,Office Supplies,Art,17.54,2
2016-01-12,Office Supplies,Binders,119.38,2
2016-01-12,Office Supplies,Paper,184.58,4
2016-01-12,Office Supplies,Storage,208.41,2
2017-01-12,Furniture,Chairs,1258.1,4
2017-01-12,Furniture,Furnishings,177.16,4
2017-01-12,Furniture,Tables,366.01,1
2017-01-12,Office Supplies,Appliances,3018.15,3
2017-01-12,Office Supplies,Art,27.74,2
2017-01-12,Office Supplies,Binders,88.08,1
2017-01-12,Office Supplies,Envelopes,22.92,1
2017-01-12,Office Supplies,Paper,71.82,2
2017-01-12,Office Supplies,Storage,1112.94,1
2017-01-12,Office Supplies,Supplies,40.7,1
2017-01-12,Technology,Phones,1181.84,3
2018-01-12,Furniture,Bookcases,141.96,1
2018-01-12,Furniture,Chairs,1613.18,3
2018-01-12,Furniture,Furnishings,787.15,4
2018-01-12,Office Supplies,Appliances,31.15,1
2018-01-12,Office Supplies,Binders,74.27,6
2018-01-12,Office Supplies,Envelopes,104.68,1
2018-01-12,Office Supplies,Fasteners,52.29,1
2018-01-12,Office Supplies,Labels,15.94,1
2018-01-12,Office Supplies,Paper,117.03,4
2018-01-12,Office Supplies,Storage,976.09,5
2018-01-12,Technology,Accessories,20.37,1
2018-01-12,Technology,Phones,1397.07,6
2016-02-01,Furniture,Bookcases,452.45,1
2016-02-01,Office Supplies,Art,9.84,1
2016-02-01,Office Supplies,Labels,23.68,1
2016-02-01,Office Supplies,Paper,20.04,1
2016-02-01,Office Supplies,Storage,85.52,1
2016-02-01,Technology,Accessories,89.58,1
2016-02-01,Technology,Machines,1188.0,1
2016-02-01,Technology,Phones,62.98,1
2017-02-01,Furniture,Bookcases,173.94,1
2017-02-01,Technology,Phones,231.98,1
2018-02-01,Furniture,Tables,913.43,1
2018-02-01,Office Supplies,Appliances,5.43,1
2018-02-01,Office Supplies,Art,31.74,1
2018-02-01,Office Supplies,Binders,44.51,2
2018-02-01,Office Supplies,Storage,372.14,1
2018-02-01,Technology,Accessories,16.59,1
2018-02-01,Technology,Machines,695.7,1
2015-02-02,Office Supplies,Binders,18.34,1
2015-02-02,Office Supplies,Fasteners,12.35,1
2015-02-02,Technology,Phones,180.96,1
2017-02-02,Furniture,Furnishings,92.47,2
2017-02-02,Office Supplies,Binders,36.4,1
2017-02-02,Office Supplies,Storage,117.96,1
2017-02-02,Technology,Machines,8749.95,1
2018-02-02,Furniture,Furnishings,296.84,2
2018-02-02,Office Supplies,Appliances,46.8,1
2018-02-02,Office Supplies,Binders,30.96,1
2018-02-02,Office Supplies,Fasteners,21.46,1
2018-02-02,Office Supplies,Paper,78.3,1
2018-02-02,Office Supplies,Storage,139.04,1
2018-02-02,Technology,Machines,239.98,1
2018-02-02,Technology,Phones,59.97,1
2015-02-03,Office Supplies,Envelopes,11.36,1
2015-02-03,Office Supplies,Paper,36.4,1
2016-02-03,Furniture,Tables,787.53,1
2016-02-03,Office Supplies,Art,10.16,1
2016-02-03,Office Supplies,Envelopes,101.88,1
2018-02-03,Furniture,Bookcases,441.96,1
2018-02-03,Office Supplies,Art,59.52,1
2018-02-03,Office Supplies,Binders,138.95,4
2018-02-03,Office Supplies,Envelopes,57.96,1
2018-02-03,Office Supplies,Paper,68.04,1
2018-02-03,Office Supplies,Supplies,6.98,1
2018-02-03,Technology,Accessories,479.94,1
2018-02-03,Technology,Phones,196.78,1
2015-02-04,Furniture,Furnishings,177.68,1
2015-02-04,Office Supplies,Appliances,154.9,1
2015-02-04,Office Supplies,Paper,76.05,3
2015-02-04,Technology,Phones,1049.93,1
2016-02-04,Office Supplies,Appliances,32.19,1
2016-02-04,Office Supplies,Binders,9.16,1
2016-02-04,Technology,Accessories,98.1,2
2016-02-04,Technology,Machines,71.98,1
2016-02-04,Technology,Phones,87.8,1
2017-02-04,Furniture,Chairs,1454.9,1
2018-02-04,Furniture,Furnishings,25.11,1
2018-02-04,Furniture,Tables,411.8,1
2018-02-04,Office Supplies,Art,11.12,1
2018-02-04,Office Supplies,Labels,14.94,1
2018-02-04,Technology,Accessories,360.0,1
2015-02-05,Office Supplies,Appliances,26.14,1
2015-02-05,Technology,Copiers,479.98,1
2016-02-05,Office Supplies,Labels,8.86,1
2016-02-05,Technology,Phones,158.38,1
2017-02-05,Furniture,Chairs,553.8,2
2017-02-05,Office Supplies,Art,86.35,1
2017-02-05,Office Supplies,Binders,45.58,1
2017-02-05,Office Supplies,Labels,5.04,1
2017-02-05,Office Supplies,Storage,76.55,3
2018-02-05,Furniture,Furnishings,129.93,1
2018-02-05,Office Supplies,Art,59.52,1
2018-02-05,Office Supplies,Paper,50.1,2
2018-02-05,Technology,Accessories,159.56,1
2015-02-06,Furniture,Furnishings,73.32,1
2015-02-06,Office Supplies,Art,8.56,1
2015-02-06,Office Supplies,Binders,59.81,1
2015-02-06,Office Supplies,Storage,356.94,1
2015-02-06,Technology,Phones,239.97,1
2017-02-06,Office Supplies,Binders,62.88,2
2017-02-06,Office Supplies,Paper,30.18,1
2017-02-06,Office Supplies,Storage,64.78,1
2018-02-06,Office Supplies,Envelopes,43.92,1
2018-02-06,Office Supplies,Paper,61.38,3
2018-02-06,Office Supplies,Storage,27.44,1
2018-02-06,Technology,Phones,2.97,1
2015-02-07,Office Supplies,Art,5.58,1
2015-02-07,Technology,Phones,73.98,1
2016-02-07,Furniture,Chairs,790.54,2
2016-02-07,Furniture,Furnishings,159.84,1
2016-02-07,Office Supplies,Appliances,32.78,1
2016-02-07,Office Supplies,Binders,2.89,1
2016-02-07,Office Supplies,Paper,67.5,5
2016-02-07,Office Supplies,Storage,504.1,2
2016-02-07,Technology,Phones,74.24,1
2017-02-07,Furniture,Chairs,723.61,2
2017-02-07,Office Supplies,Art,7.7,1
2017-02-07,Office Supplies,Paper,41.47,1
2018-02-07,Office Supplies,Binders,5.23,1
2018-02-07,Office Supplies,Paper,163.96,1
2015-02-08,Office Supplies,Binders,26.7,1
2015-02-08,Office Supplies,Storage,838.38,1
2015-02-08,Technology,Accessories,21.2,1
2016-02-08,Furniture,Chairs,110.98,1
2016-02-08,Furniture,Tables,277.5,1
2016-02-08,Office Supplies,Binders,6.37,1
2016-02-08,Office Supplies,Paper,8.4,1
2016-02-08,Technology,Accessories,199.98,1
2016-02-08,Technology,Machines,558.4,1
2016-02-08,Technology,Phones,128.85,1
2017-02-08,Furniture,Tables,136.46,1
2017-02-08,Office Supplies,Binders,12.54,1
2017-02-08,Technology,Phones,333.58,1
2015-02-09,Furniture,Furnishings,70.71,1
2015-02-09,Office Supplies,Appliances,19.9,1
2015-02-09,Office Supplies,Art,78.99,2
2015-02-09,Office Supplies,Binders,1793.98,1
2015-02-09,Office Supplies,Paper,14.94,1
2015-02-09,Technology,Accessories,715.92,2
2015-02-09,Technology,Machines,559.71,1
2017-02-09,Furniture,Chairs,215.98,1
2017-02-09,Furniture,Furnishings,218.93,3
2017-02-09,Furniture,Tables,1041.25,2
2017-02-09,Office Supplies,Appliances,309.46,1
2017-02-09,Office Supplies,Art,113.63,3
2017-02-09,Office Supplies,Binders,64.31,5
2017-02-09,Office Supplies,Envelopes,65.94,1
2017-02-09,Office Supplies,Fasteners,1.81,1
2017-02-09,Office Supplies,Labels,29.24,1
2017-02-09,Office Supplies,Storage,105.37,3
2017-02-09,Technology,Accessories,1172.24,2
2017-02-09,Technology,Copiers,999.98,1
2017-02-09,Technology,Machines,1362.9,1
2017-02-09,Technology,Phones,1091.17,1
2018-02-09,Furniture,Chairs,1498.39,2
2018-02-09,Furniture,Furnishings,26.61,2
2018-02-09,Furniture,Tables,491.05,2
2018-02-09,Office Supplies,Appliances,18.57,2
2018-02-09,Office Supplies,Art,43.99,4
2018-02-09,Office Supplies,Binders,1623.09,3
2018-02-09,Office Supplies,Fasteners,16.0,1
2018-02-09,Office Supplies,Labels,104.6,3
2018-02-09,Office Supplies,Paper,256.05,4
2018-02-09,Office Supplies,Storage,599.2,3
2018-02-09,Technology,Accessories,2375.43,4
2018-02-09,Technology,Phones,1599.35,3
2015-02-10,Office Supplies,Envelopes,12.77,1
2015-02-10,Office Supplies,Fasteners,4.67,1
2015-02-10,Office Supplies,Paper,9.41,1
2015-02-10,Office Supplies,Supplies,15.36,1
2015-02-10,Technology,Accessories,7.16,1
2015-02-10,Technology,Phones,548.78,2
2016-02-10,Furniture,Furnishings,11.03,1
2016-02-10,Office Supplies,Binders,164.54,6
2016-02-10,Office Supplies,Envelopes,51.12,1
2016-02-10,Office Supplies,Paper,114.29,2
2016-02-10,Office Supplies,Storage,270.34,1
2016-02-10,Office Supplies,Supplies,10.94,1
2016-02-10,Technology,Accessories,143.04,2
2016-02-10,Technology,Phones,503.96,1
2017-02-10,Office Supplies,Appliances,61.44,1
2017-02-10,Office Supplies,Art,33.96,1
2017-02-10,Office Supplies,Binders,825.14,3
2017-02-10,Office Supplies,Storage,32.48,1
2017-02-10,Technology,Copiers,17499.95,1
2018-02-10,Furniture,Bookcases,217.76,1
2018-02-10,Furniture,Furnishings,226.58,6
2018-02-10,Furniture,Tables,2314.12,1
2018-02-10,Office Supplies,Appliances,37.21,2
2018-02-10,Office Supplies,Art,152.12,2
2018-02-10,Office Supplies,Binders,257.28,6
2018-02-10,Office Supplies,Fasteners,8.94,1
2018-02-10,Office Supplies,Paper,69.86,2
2018-02-10,Office Supplies,Storage,1575.14,1
2018-02-10,Office Supplies,Supplies,39.07,1
2018-02-10,Technology,Machines,369.16,1
2018-02-10,Technology,Phones,150.77,2
2015-02-11,Furniture,Furnishings,89.34,1
2015-02-11,Office Supplies,Binders,19.24,1
2015-02-11,Office Supplies,Labels,34.86,1
2015-02-11,Office Supplies,Storage,362.92,1
2015-02-11,Technology,Accessories,841.86,2
2015-02-11,Technology,Phones,778.15,5
2016-02-11,Furniture,Bookcases,512.5,1
2016-02-11,Furniture,Chairs,2731.09,2
2016-02-11,Furniture,Furnishings,96.96,1
2016-02-11,Furniture,Tables,1038.84,1
2016-02-11,Office Supplies,Appliances,197.72,1
2016-02-11,Office Supplies,Binders,158.81,3
2016-02-11,Technology,Accessories,447.93,1
2016-02-11,Technology,Phones,344.7,1
2018-02-11,Furniture,Chairs,1131.29,2
2018-02-11,Furniture,Furnishings,28.33,2
2018-02-11,Office Supplies,Appliances,272.14,3
2018-02-11,Office Supplies,Art,96.48,4
2018-02-11,Office Supplies,Binders,590.35,1
2018-02-11,Office Supplies,Envelopes,90.76,3
2018-02-11,Office Supplies,Fasteners,23.82,2
2018-02-11,Office Supplies,Paper,55.05,3
2018-02-11,Office Supplies,Storage,512.47,2
2018-02-11,Office Supplies,Supplies,384.59,1
2018-02-11,Technology,Accessories,2249.91,1
2018-02-11,Technology,Phones,859.2,1
2015-02-12,Furniture,Bookcases,883.92,1
2015-02-12,Furniture,Chairs,239.84,1
2015-02-12,Furniture,Furnishings,159.04,3
2015-02-12,Office Supplies,Appliances,2.39,1
2015-02-12,Office Supplies,Art,16.46,1
2015-02-12,Office Supplies,Binders,46.72,1
2015-02-12,Office Supplies,Labels,15.66,1
2015-02-12,Office Supplies,Paper,162.06,2
2015-02-12,Technology,Accessories,245.71,3
2017-02-12,Furniture,Bookcases,781.86,1
2017-02-12,Furniture,Furnishings,86.94,2
2017-02-12,Office Supplies,Appliances,59.7,1
2017-02-12,Office Supplies,Binders,695.14,5
2017-02-12,Office Supplies,Paper,152.16,4
2017-02-12,Office Supplies,Storage,2113.27,2
2017-02-12,Technology,Accessories,165.6,1
2017-02-12,Technology,Phones,629.95,1
2018-02-12,Furniture,Bookcases,242.35,1
2018-02-12,Furniture,Chairs,2767.7,3
2018-02-12,Furniture,Furnishings,517.46,2
2018-02-12,Office Supplies,Appliances,660.95,3
2018-02-12,Office Supplies,Art,337.25,7
2018-02-12,Office Supplies,Binders,859.8,6
2018-02-12,Office Supplies,Paper,129.34,3
2018-02-12,Office Supplies,Storage,673.91,2
2018-02-12,Office Supplies,Supplies,4.36,1
2018-02-12,Technology,Phones,3758.07,6
2015-03-01,Office Supplies,Paper,16.45,1
2016-03-01,Furniture,Bookcases,1352.4,1
2016-03-01,Office Supplies,Art,7.06,1
2016-03-01,Office Supplies,Paper,10.37,1
2016-03-01,Technology,Accessories,398.4,1
2017-03-01,Furniture,Tables,1592.85,1
2017-03-01,Office Supplies,Binders,11.88,1
2017-03-01,Office Supplies,Storage,114.46,1
2017-03-01,Technology,Accessories,195.68,2
2017-03-01,Technology,Phones,180.96,1
2018-03-01,Office Supplies,Art,9.12,1
2018-03-01,Office Supplies,Binders,2022.27,1
2018-03-01,Office Supplies,Paper,38.88,1
2015-03-02,Office Supplies,Binders,97.11,2
2016-03-02,Furniture,Chairs,90.88,1
2016-03-02,Furniture,Furnishings,165.32,2
2016-03-02,Office Supplies,Binders,12.14,1
2016-03-02,Office Supplies,Envelopes,74.52,1
2016-03-02,Technology,Accessories,149.97,1
2017-03-02,Furniture,Chairs,866.4,1
2018-03-02,Furniture,Furnishings,22.2,1
2018-03-02,Office Supplies,Binders,9.11,2
2018-03-02,Office Supplies,Paper,605.46,4
2018-03-02,Office Supplies,Storage,285.55,1
2015-03-03,Furniture,Bookcases,302.45,1
2015-03-03,Furniture,Tables,626.35,1
2015-03-03,Office Supplies,Appliances,176.77,1
2015-03-03,Office Supplies,Art,19.46,1
2015-03-03,Office Supplies,Binders,151.08,2
2015-03-03,Office Supplies,Labels,15.12,1
2015-03-03,Office Supplies,Storage,44.67,1
2015-03-03,Technology,Phones,9.99,1
2017-03-03,Furniture,Chairs,563.43,1
2017-03-03,Furniture,Furnishings,35.28,1
2017-03-03,Furniture,Tables,637.9,1
2017-03-03,Office Supplies,Binders,447.86,1
2017-03-03,Office Supplies,Envelopes,36.6,1
2017-03-03,Office Supplies,Fasteners,2.3,1
2017-03-03,Office Supplies,Paper,209.22,2
2017-03-03,Office Supplies,Supplies,3955.42,2
2017-03-03,Technology,Accessories,41.72,1
2017-03-03,Technology,Machines,287.91,1
2017-03-03,Technology,Phones,1046.78,3
2018-03-03,Furniture,Chairs,351.33,2
2018-03-03,Furniture,Tables,399.67,1
2018-03-03,Office Supplies,Appliances,72.8,1
2018-03-03,Office Supplies,Paper,26.88,1
2018-03-03,Technology,Accessories,1149.42,2
2017-03-04,Furniture,Furnishings,71.12,1
2017-03-04,Office Supplies,Binders,99.85,1
2017-03-04,Office Supplies,Paper,10.27,1
2017-03-04,Technology,Phones,259.96,1
2018-03-04,Furniture,Furnishings,25.47,1
2018-03-04,Office Supplies,Art,7.06,1
2015-03-05,Office Supplies,Binders,51.07,2
2015-03-05,Office Supplies,Labels,21.56,1
2016-03-05,Furniture,Chairs,844.12,1
2016-03-05,Furniture,Furnishings,665.88,1
2016-03-05,Office Supplies,Appliances,41.9,2
2016-03-05,Office Supplies,Art,68.72,2
2016-03-05,Office Supplies,Binders,125.91,3
2016-03-05,Office Supplies,Paper,7.97,1
2016-03-05,Office Supplies,Storage,76.75,1
2016-03-05,Technology,Accessories,367.51,2
2017-03-05,Furniture,Furnishings,51.97,1
2017-03-05,Office Supplies,Appliances,26.41,1
2017-03-05,Office Supplies,Art,27.38,1
2017-03-05,Office Supplies,Binders,2.18,1
2017-03-05,Office Supplies,Labels,6.0,1
2017-03-05,Office Supplies,Storage,195.64,1
2017-03-05,Technology,Accessories,564.5,2
2017-03-05,Technology,Machines,224.94,1
2018-03-05,Furniture,Furnishings,32.45,1
2018-03-05,Furniture,Tables,373.47,1
2018-03-05,Office Supplies,Art,22.96,1
2018-03-05,Office Supplies,Binders,90.59,2
2018-03-05,Office Supplies,Fasteners,8.0,1
2018-03-05,Office Supplies,Paper,25.92,1
2018-03-05,Office Supplies,Storage,832.96,2
2015-03-06,Furniture,Tables,515.88,1
2015-03-06,Office Supplies,Envelopes,15.28,1
2018-03-06,Furniture,Bookcases,241.57,1
2018-03-06,Furniture,Furnishings,35.17,1
2018-03-06,Furniture,Tables,384.77,1
2018-03-06,Office Supplies,Appliances,29.67,2
2018-03-06,Office Supplies,Binders,8.47,2
2018-03-06,Office Supplies,Paper,72.87,3
2018-03-06,Office Supplies,Storage,136.26,1
2018-03-06,Technology,Accessories,1460.64,4
2018-03-06,Technology,Machines,78.66,1
2018-03-06,Technology,Phones,503.96,1
2016-03-07,Furniture,Chairs,70.98,1
2016-03-07,Furniture,Furnishings,451.35,2
2016-03-07,Office Supplies,Labels,294.93,1
2016-03-07,Office Supplies,Paper,6.72,1
2017-03-07,Office Supplies,Appliances,706.86,1
2017-03-07,Office Supplies,Fasteners,3.96,1
2017-03-07,Office Supplies,Paper,136.88,2
2018-03-07,Furniture,Furnishings,801.53,4
2018-03-07,Furniture,Tables,215.15,1
2018-03-07,Office Supplies,Art,9.55,1
2018-03-07,Office Supplies,Paper,362.31,4
2018-03-07,Office Supplies,Storage,87.92,1
2018-03-07,Technology,Accessories,2030.68,4
2018-03-07,Technology,Machines,2992.33,2
2018-03-07,Technology,Phones,463.93,3
2015-03-08,Furniture,Tables,218.75,1
2015-03-08,Office Supplies,Appliances,2.6,1
2015-03-08,Office Supplies,Paper,132.98,2
2015-03-08,Office Supplies,Storage,21.36,1
2015-03-08,Office Supplies,Supplies,102.3,1
2017-03-08,Office Supplies,Envelopes,81.54,1
2017-03-08,Technology,Accessories,167.28,1
2018-03-08,Furniture,Bookcases,183.37,1
2018-03-08,Furniture,Furnishings,123.96,1
2018-03-08,Office Supplies,Labels,51.75,1
2018-03-08,Office Supplies,Storage,115.93,2
2018-03-08,Technology,Accessories,39.82,1
2015-03-09,Office Supplies,Binders,7.68,1
2015-03-09,Office Supplies,Labels,14.4,1
2016-03-09,Furniture,Chairs,129.57,1
2016-03-09,Furniture,Furnishings,238.15,1
2016-03-09,Office Supplies,Appliances,137.62,1
2016-03-09,Office Supplies,Binders,6.37,1
2016-03-09,Office Supplies,Envelopes,253.5,2
2016-03-09,Office Supplies,Labels,7.5,1
2016-03-09,Office Supplies,Storage,188.11,3
2016-03-09,Office Supplies,Supplies,666.25,1
2016-03-09,Technology,Accessories,147.35,2
2016-03-09,Technology,Phones,100.49,1
2017-03-09,Furniture,Bookcases,543.68,2
2017-03-09,Furniture,Furnishings,98.71,2
2017-03-09,Office Supplies,Binders,1250.32,4
2017-03-09,Office Supplies,Labels,58.48,1
2017-03-09,Office Supplies,Paper,79.12,2
2017-03-09,Office Supplies,Storage,54.5,1
2017-03-09,Technology,Phones,280.78,1
2018-03-09,Furniture,Bookcases,239.67,1
2018-03-09,Furniture,Chairs,272.56,2
2018-03-09,Furniture,Furnishings,108.4,1
2018-03-09,Office Supplies,Art,11.52,2
2018-03-09,Office Supplies,Binders,125.18,2
2018-03-09,Office Supplies,Envelopes,24.45,1
2018-03-09,Office Supplies,Paper,428.3,2
2018-03-09,Technology,Accessories,385.77,2
2015-03-10,Furniture,Chairs,380.63,2
2015-03-10,Furniture,Furnishings,31.78,1
2015-03-10,Furniture,Tables,143.43,1
2015-03-10,Office Supplies,Art,62.18,2
2015-03-10,Office Supplies,Binders,1.79,1
2015-03-10,Office Supplies,Envelopes,14.48,1
2015-03-10,Office Supplies,Fasteners,19.42,2
2015-03-10,Office Supplies,Labels,4.93,1
2015-03-10,Office Supplies,Storage,61.57,1
2015-03-10,Technology,Accessories,142.49,1
2016-03-10,Furniture,Bookcases,156.16,2
2016-03-10,Office Supplies,Binders,32.07,1
2016-03-10,Office Supplies,Storage,15.01,1
2016-03-10,Technology,Accessories,71.98,2
2017-03-10,Furniture,Chairs,1514.43,2
2017-03-10,Furniture,Furnishings,38.08,1
2017-03-10,Office Supplies,Envelopes,15.65,1
2017-03-10,Office Supplies,Labels,6.16,1
2017-03-10,Office Supplies,Paper,106.38,2
2018-03-10,Furniture,Furnishings,83.92,1
2018-03-10,Furniture,Tables,171.29,1
2018-03-10,Office Supplies,Appliances,17.92,1
2018-03-10,Office Supplies,Art,27.27,2
2018-03-10,Office Supplies,Binders,1793.98,1
2018-03-10,Office Supplies,Paper,15.55,1
2018-03-10,Office Supplies,Storage,22.58,1
2018-03-10,Technology,Accessories,371.97,1
2015-03-11,Furniture,Furnishings,410.35,1
2015-03-11,Furniture,Tables,945.04,1
2015-03-11,Office Supplies,Art,6.72,1
2015-03-11,Office Supplies,Binders,76.81,4
2015-03-11,Office Supplies,Paper,147.34,2
2015-03-11,Office Supplies,Storage,25.98,1
2015-03-11,Office Supplies,Supplies,297.98,2
2015-03-11,Technology,Accessories,89.97,1
2015-03-11,Technology,Phones,783.96,1
2016-03-11,Furniture,Chairs,1448.82,1
2016-03-11,Furniture,Furnishings,42.6,1
2016-03-11,Office Supplies,Envelopes,6.61,1
2016-03-11,Technology,Accessories,89.97,1
2016-03-11,Technology,Phones,1212.85,1
2017-03-11,Furniture,Chairs,687.74,2
2017-03-11,Furniture,Furnishings,24.1,1
2017-03-11,Furniture,Tables,842.94,1
2017-03-11,Office Supplies,Appliances,1144.8,2
2017-03-11,Office Supplies,Art,101.51,4
2017-03-11,Office Supplies,Binders,84.28,4
2017-03-11,Office Supplies,Fasteners,35.26,2
2017-03-11,Office Supplies,Labels,87.71,1
2017-03-11,Office Supplies,Paper,459.52,4
2017-03-11,Technology,Accessories,154.95,2
2017-03-11,Technology,Machines,179.99,1
2018-03-11,Furniture,Chairs,307.14,1
2018-03-11,Furniture,Furnishings,57.36,2
2018-03-11,Furniture,Tables,2159.55,2
2018-03-11,Office Supplies,Art,55.98,1
2018-03-11,Office Supplies,Binders,34.13,3
2018-03-11,Office Supplies,Labels,27.33,2
2018-03-11,Office Supplies,Paper,237.66,6
2018-03-11,Office Supplies,Storage,52.4,1
2018-03-11,Technology,Accessories,284.03,3
2018-03-11,Technology,Copiers,959.98,1
2018-03-11,Technology,Phones,361.38,1
2015-03-12,Office Supplies,Paper,25.92,1
2015-03-12,Technology,Phones,479.96,1
2016-03-12,Furniture,Bookcases,359.5,1
2016-03-12,Furniture,Furnishings,80.91,2
2016-03-12,Office Supplies,Art,9.34,1
2016-03-12,Office Supplies,Binders,697.07,3
2016-03-12,Office Supplies,Paper,201.11,2
2016-03-12,Technology,Accessories,36.78,1
2016-03-12,Technology,Machines,482.34,1
2016-03-12,Technology,Phones,105.58,1
2017-03-12,Furniture,Bookcases,205.67,1
2017-03-12,Furniture,Chairs,572.63,2
2017-03-12,Furniture,Furnishings,111.9,1
2017-03-12,Furniture,Tables,1250.7,3
2017-03-12,Office Supplies,Appliances,394.82,1
2017-03-12,Office Supplies,Art,21.92,1
2017-03-12,Office Supplies,Binders,18.19,1
2017-03-12,Office Supplies,Labels,6.3,1
2017-03-12,Office Supplies,Paper,182.72,1
2017-03-12,Office Supplies,Storage,855.03,3
2017-03-12,Technology,Accessories,1649.95,1
2018-03-12,Furniture,Furnishings,69.88,4
2018-03-12,Furniture,Tables,521.96,1
2018-03-12,Office Supplies,Appliances,45.22,1
2018-03-12,Office Supplies,Art,13.34,1
2018-03-12,Office Supplies,Binders,127.33,3
2018-03-12,Office Supplies,Labels,3.15,1
2018-03-12,Office Supplies,Paper,211.58,4
2018-03-12,Office Supplies,Supplies,47.32,1
2018-03-12,Technology,Accessories,227.08,3
2018-03-12,Technology,Phones,136.99,1
2015-04-01,Office Supplies,Binders,3.54,1
2015-04-01,Office Supplies,Labels,11.78,1
2015-04-01,Office Supplies,Storage,272.74,1
2016-04-01,Furniture,Furnishings,192.22,1
2016-04-01,Office Supplies,Binders,32.34,1
2016-04-01,Office Supplies,Paper,39.9,1
2017-04-01,Office Supplies,Art,4.67,1
2017-04-01,Office Supplies,Binders,104.58,1
2017-04-01,Technology,Copiers,959.97,1
2015-04-02,Office Supplies,Binders,100.14,2
2015-04-02,Office Supplies,Paper,34.24,1
2017-04-02,Furniture,Furnishings,14.37,1
2017-04-02,Office Supplies,Storage,93.02,1
2017-04-02,Technology,Phones,90.48,1
2018-04-02,Office Supplies,Appliances,32.67,1
2015-04-03,Office Supplies,Art,15.55,1
2015-04-03,Office Supplies,Storage,354.9,1
2017-04-03,Office Supplies,Art,16.99,1
2017-04-03,Office Supplies,Binders,128.4,1
2017-04-03,Office Supplies,Labels,10.08,1
2017-04-03,Technology,Accessories,159.98,1
2018-04-03,Furniture,Furnishings,103.5,1
2018-04-03,Office Supplies,Art,9.32,1
2018-04-03,Office Supplies,Envelopes,15.25,1
2018-04-03,Office Supplies,Labels,2.46,1
2018-04-03,Office Supplies,Paper,89.57,1
2018-04-03,Office Supplies,Storage,8.72,1
2015-04-04,Furniture,Furnishings,5.47,1
2015-04-04,Office Supplies,Art,79.36,1
2015-04-04,Office Supplies,Binders,7.18,1
2015-04-04,Office Supplies,Labels,18.9,1
2015-04-04,Office Supplies,Paper,32.4,2
2015-04-04,Office Supplies,Storage,232.55,1
2015-04-04,Technology,Accessories,99.98,1
2016-04-04,Furniture,Furnishings,108.4,1
2016-04-04,Office Supplies,Appliances,644.08,1
2016-04-04,Office Supplies,Art,11.16,1
2016-04-04,Office Supplies,Binders,104.19,3
2016-04-04,Office Supplies,Fasteners,5.84,1
2016-04-04,Technology,Copiers,599.98,1
2016-04-04,Technology,Phones,10.95,1
2017-04-04,Furniture,Furnishings,82.64,1
2017-04-04,Office Supplies,Binders,588.78,1
2017-04-04,Office Supplies,Paper,27.81,1
2017-04-04,Office Supplies,Storage,31.02,1
2017-04-04,Technology,Accessories,89.97,1
2017-04-04,Technology,Phones,149.97,1
2018-04-04,Office Supplies,Art,7.04,1
2018-04-04,Office Supplies,Envelopes,16.98,1
2018-04-04,Office Supplies,Supplies,240.37,1
2018-04-04,Technology,Phones,544.08,3
2015-04-05,Furniture,Furnishings,39.64,2
2015-04-05,Office Supplies,Appliances,57.68,1
2015-04-05,Office Supplies,Art,37.84,1
2015-04-05,Office Supplies,Binders,46.8,1
2015-04-05,Office Supplies,Fasteners,5.47,1
2016-04-05,Furniture,Furnishings,49.09,2
2016-04-05,Office Supplies,Art,125.93,1
2016-04-05,Technology,Phones,946.34,1
2018-04-05,Furniture,Tables,300.9,1
2018-04-05,Office Supplies,Binders,13.91,3
2018-04-05,Office Supplies,Paper,59.12,3
2018-04-05,Office Supplies,Storage,588.35,2
2018-04-05,Technology,Phones,183.96,1
2015-04-06,Furniture,Bookcases,353.57,1
2015-04-06,Furniture,Furnishings,70.92,2
2015-04-06,Office Supplies,Appliances,15.56,1
2015-04-06,Office Supplies,Paper,16.22,1
2016-04-06,Furniture,Furnishings,35.28,1
2016-04-06,Office Supplies,Art,9.26,1
2016-04-06,Office Supplies,Labels,7.38,1
2016-04-06,Office Supplies,Paper,30.44,1
2016-04-06,Technology,Accessories,1109.95,2
2017-04-06,Furniture,Bookcases,136.78,1
2017-04-06,Furniture,Furnishings,496.53,4
2017-04-06,Furniture,Tables,177.22,1
2017-04-06,Office Supplies,Art,7.41,1
2017-04-06,Office Supplies,Paper,116.74,3
2017-04-06,Technology,Machines,1349.85,1
2017-04-06,Technology,Phones,31.98,1
2018-04-06,Furniture,Furnishings,62.32,2
2018-04-06,Office Supplies,Art,8.64,1
2018-04-06,Office Supplies,Binders,123.99,3
2018-04-06,Office Supplies,Paper,12.48,1
2018-04-06,Technology,Phones,71.98,1
2015-04-07,Office Supplies,Appliances,32.43,1
2015-04-07,Office Supplies,Binders,15.6,1
2015-04-07,Office Supplies,Paper,199.38,2
2016-04-07,Office Supplies,Art,15.48,1
2016-04-07,Office Supplies,Binders,22.85,1
2016-04-07,Technology,Phones,1099.96,1
2017-04-07,Furniture,Bookcases,1279.16,1
2017-04-07,Furniture,Furnishings,50.8,2
2017-04-07,Office Supplies,Envelopes,43.96,1
2017-04-07,Office Supplies,Storage,27.92,1
2017-04-07,Technology,Phones,249.46,2
2015-04-08,Office Supplies,Appliances,1191.71,2
2015-04-08,Office Supplies,Art,16.4,1
2015-04-08,Office Supplies,Binders,13.18,1
2015-04-08,Office Supplies,Paper,707.58,2
2015-04-08,Office Supplies,Storage,158.9,1
2015-04-08,Technology,Accessories,255.42,1
2015-04-08,Technology,Phones,399.96,1
2017-04-08,Furniture,Furnishings,109.8,1
2017-04-08,Office Supplies,Binders,36.72,3
2017-04-08,Office Supplies,Labels,13.95,2
2017-04-08,Office Supplies,Supplies,35.06,1
2017-04-08,Technology,Phones,302.38,1
2018-04-08,Office Supplies,Binders,3.32,1
2018-04-08,Office Supplies,Envelopes,8.78,1
2018-04-08,Office Supplies,Paper,7.97,1
2016-04-09,Office Supplies,Binders,17.42,2
2016-04-09,Office Supplies,Envelopes,15.28,1
2016-04-09,Office Supplies,Paper,284.26,2
2016-04-09,Technology,Accessories,754.33,2
2017-04-09,Furniture,Furnishings,106.54,2
2017-04-09,Office Supplies,Appliances,87.17,1
2017-04-09,Office Supplies,Art,103.31,4
2017-04-09,Office Supplies,Binders,174.54,2
2017-04-09,Office Supplies,Envelopes,16.56,1
2017-04-09,Office Supplies,Paper,251.69,2
2017-04-09,Office Supplies,Storage,665.33,2
2017-04-09,Office Supplies,Supplies,22.72,1
2017-04-09,Technology,Accessories,279.95,1
2018-04-09,Furniture,Bookcases,825.17,1
2018-04-09,Furniture,Chairs,97.18,1
2018-04-09,Furniture,Tables,2800.62,2
2018-04-09,Office Supplies,Art,68.86,5
2018-04-09,Office Supplies,Binders,631.14,6
2018-04-09,Office Supplies,Fasteners,14.82,1
2018-04-09,Office Supplies,Paper,52.61,4
2018-04-09,Office Supplies,Storage,710.05,4
2018-04-09,Technology,Accessories,111.0,2
2018-04-09,Technology,Phones,48.74,2
2015-04-10,Furniture,Chairs,589.41,1
2015-04-10,Office Supplies,Binders,95.65,1
2015-04-10,Office Supplies,Labels,43.69,2
2016-04-10,Furniture,Chairs,392.94,1
2016-04-10,Furniture,Furnishings,64.94,1
2016-04-10,Office Supplies,Paper,20.74,1
2016-04-10,Office Supplies,Storage,26.96,1
2017-04-10,Furniture,Furnishings,11.57,1
2017-04-10,Furniture,Tables,239.37,1
2017-04-10,Office Supplies,Binders,30.4,1
2017-04-10,Office Supplies,Envelopes,59.75,1
2017-04-10,Office Supplies,Storage,119.1,1
2017-04-10,Technology,Copiers,5399.91,1
2017-04-10,Technology,Phones,52.68,1
2018-04-10,Furniture,Furnishings,19.98,1
2015-04-11,Furniture,Chairs,135.88,1
2015-04-11,Furniture,Furnishings,35.34,1
2015-04-11,Furniture,Tables,573.73,1
2015-04-11,Office Supplies,Appliances,58.24,1
2015-04-11,Office Supplies,Art,2.94,1
2015-04-11,Office Supplies,Binders,74.0,2
2015-04-11,Office Supplies,Fasteners,8.38,1
2015-04-11,Office Supplies,Paper,19.44,1
2015-04-11,Office Supplies,Storage,43.57,1
2015-04-11,Technology,Accessories,360.0,1
2015-04-11,Technology,Machines,4439.95,2
2015-04-11,Technology,Phones,942.28,2
2017-04-11,Furniture,Chairs,755.14,2
2017-04-11,Furniture,Furnishings,376.15,5
2017-04-11,Furniture,Tables,876.3,1
2017-04-11,Office Supplies,Art,192.8,1
2017-04-11,Office Supplies,Binders,11.89,2
2017-04-11,Office Supplies,Fasteners,10.74,1
2017-04-11,Office Supplies,Labels,629.18,1
2017-04-11,Office Supplies,Paper,102.01,3
2017-04-11,Office Supplies,Storage,45.25,1
2017-04-11,Office Supplies,Supplies,202.96,2
2017-04-11,Technology,Machines,686.4,1
2018-04-11,Furniture,Tables,523.76,1
2018-04-11,Office Supplies,Appliances,167.44,1
2018-04-11,Office Supplies,Art,4.3,1
2018-04-11,Office Supplies,Binders,16.65,4
2018-04-11,Office Supplies,Labels,28.61,2
2018-04-11,Office Supplies,Paper,9.66,1
2018-04-11,Office Supplies,Storage,247.1,2
2018-04-11,Technology,Accessories,166.7,2
2018-04-11,Technology,Machines,7999.98,1
2018-04-11,Technology,Phones,1503.89,2
2015-04-12,Technology,Phones,129.98,1
2016-04-12,Furniture,Chairs,1110.35,3
2016-04-12,Furniture,Furnishings,89.92,3
2016-04-12,Office Supplies,Art,53.86,2
2016-04-12,Office Supplies,Binders,1606.28,2
2016-04-12,Office Supplies,Envelopes,289.38,2
2016-04-12,Office Supplies,Paper,85.96,1
2016-04-12,Technology,Phones,1950.06,3
2017-04-12,Furniture,Furnishings,113.79,1
2017-04-12,Office Supplies,Binders,17.26,2
2017-04-12,Office Supplies,Paper,145.41,2
2017-04-12,Office Supplies,Storage,589.68,3
2017-04-12,Technology,Accessories,78.15,1
2018-04-12,Furniture,Chairs,913.67,4
2018-04-12,Furniture,Furnishings,79.11,3
2018-04-12,Office Supplies,Art,22.19,2
2018-04-12,Office Supplies,Binders,5.35,1
2018-04-12,Office Supplies,Paper,110.03,3
2018-04-12,Office Supplies,Storage,61.57,1
2018-04-12,Technology,Accessories,798.72,3
2018-04-12,Technology,Machines,649.0,1
2015-05-01,Office Supplies,Art,19.54,1
2016-05-01,Furniture,Chairs,61.58,1
2016-05-01,Office Supplies,Appliances,87.36,1
2016-05-01,Office Supplies,Art,59.52,1
2016-05-01,Office Supplies,Binders,69.33,2
2016-05-01,Office Supplies,Envelopes,17.48,1
2017-05-01,Office Supplies,Art,5.25,1
2017-05-01,Technology,Accessories,191.47,1
2017-05-01,Technology,Phones,59.18,1
2017-05-02,Furniture,Bookcases,239.98,1
2017-05-02,Furniture,Furnishings,18.84,1
2017-05-02,Furniture,Tables,557.73,1
2017-05-02,Office Supplies,Envelopes,167.96,1
2017-05-02,Office Supplies,Fasteners,9.45,1
2017-05-02,Office Supplies,Labels,14.73,1
2017-05-02,Office Supplies,Paper,814.18,3
2017-05-02,Office Supplies,Storage,421.96,3
2017-05-02,Technology,Phones,749.65,3
2018-05-02,Office Supplies,Appliances,1640.7,1
2018-05-02,Office Supplies,Art,7.12,1
2018-05-02,Office Supplies,Binders,243.99,1
2018-05-02,Technology,Phones,371.2,1
2015-05-03,Office Supplies,Art,59.52,1
2015-05-03,Office Supplies,Binders,49.63,1
2015-05-03,Office Supplies,Paper,97.82,1
2015-05-03,Office Supplies,Supplies,18.62,1
2015-05-03,Technology,Accessories,479.97,1
2016-05-03,Furniture,Chairs,482.98,2
2016-05-03,Furniture,Furnishings,38.28,2
2016-05-03,Office Supplies,Appliances,241.67,2
2016-05-03,Office Supplies,Binders,13.77,2
2016-05-03,Office Supplies,Envelopes,29.34,1
2016-05-03,Office Supplies,Fasteners,7.1,1
2016-05-03,Office Supplies,Storage,623.82,2
2016-05-03,Technology,Accessories,10.31,1
2016-05-03,Technology,Phones,522.0,3
2017-05-03,Office Supplies,Envelopes,149.35,1
2017-05-03,Office Supplies,Storage,12.99,1
2018-05-03,Office Supplies,Appliances,262.24,1
2018-05-03,Office Supplies,Binders,381.01,3
2018-05-03,Office Supplies,Envelopes,42.68,1
2018-05-03,Office Supplies,Fasteners,7.9,1
2018-05-03,Office Supplies,Labels,25.06,1
2018-05-03,Office Supplies,Storage,221.16,1
2018-05-03,Technology,Accessories,299.97,1
2015-05-04,Office Supplies,Art,86.51,4
2015-05-04,Office Supplies,Binders,40.2,1
2015-05-04,Office Supplies,Paper,68.44,2
2015-05-04,Office Supplies,Storage,791.55,3
2015-05-04,Office Supplies,Supplies,4164.05,1
2015-05-04,Technology,Phones,28.99,1
2016-05-04,Furniture,Bookcases,352.45,1
2016-05-04,Furniture,Chairs,892.22,1
2016-05-04,Furniture,Furnishings,554.72,2
2016-05-04,Office Supplies,Appliances,98.11,1
2016-05-04,Office Supplies,Art,23.84,1
2016-05-04,Office Supplies,Binders,168.22,2
2016-05-04,Office Supplies,Labels,23.9,1
2016-05-04,Office Supplies,Storage,563.81,1
2016-05-04,Technology,Accessories,239.94,1
2016-05-04,Technology,Phones,56.84,2
2017-05-04,Office Supplies,Storage,158.37,1
2017-05-04,Office Supplies,Supplies,769.18,1
2017-05-04,Technology,Phones,118.78,1
2015-05-05,Furniture,Chairs,127.87,1
2015-05-05,Office Supplies,Art,6.56,1
2015-05-05,Office Supplies,Binders,11.88,1
2015-05-05,Office Supplies,Paper,69.42,3
2015-05-05,Office Supplies,Storage,45.25,1
2017-05-05,Furniture,Furnishings,16.72,1
2017-05-05,Furniture,Tables,2055.74,3
2017-05-05,Office Supplies,Binders,12.45,2
2017-05-05,Office Supplies,Paper,186.74,3
2017-05-05,Office Supplies,Storage,5.98,1
2017-05-05,Technology,Phones,423.65,2
2018-05-05,Furniture,Bookcases,89.99,1
2018-05-05,Office Supplies,Binders,44.05,2
2018-05-05,Office Supplies,Envelopes,44.4,2
2018-05-05,Office Supplies,Paper,6.68,1
2016-05-06,Furniture,Chairs,1522.64,1
2016-05-06,Office Supplies,Paper,10.56,1
2017-05-06,Office Supplies,Appliances,58.24,1
2017-05-06,Office Supplies,Art,11.16,1
2017-05-06,Office Supplies,Binders,21.55,1
2017-05-06,Office Supplies,Labels,22.5,2
2017-05-06,Office Supplies,Storage,484.99,2
2017-05-06,Office Supplies,Supplies,61.38,1
2018-05-06,Office Supplies,Paper,20.74,1
2018-05-06,Technology,Phones,470.38,1
2015-05-07,Furniture,Furnishings,232.74,2
2015-05-07,Office Supplies,Art,4.37,1
2015-05-07,Office Supplies,Binders,190.77,2
2015-05-07,Office Supplies,Labels,14.62,1
2015-05-07,Office Supplies,Paper,19.44,1
2015-05-07,Office Supplies,Storage,502.2,2
2015-05-07,Technology,Accessories,479.97,1
2016-05-07,Furniture,Furnishings,9.86,2
2016-05-07,Office Supplies,Binders,26.23,2
2016-05-07,Office Supplies,Labels,11.78,1
2016-05-07,Office Supplies,Storage,38.98,1
2016-05-07,Technology,Accessories,34.8,1
2018-05-07,Furniture,Furnishings,332.03,1
2018-05-07,Office Supplies,Binders,17.71,2
2018-05-07,Office Supplies,Paper,46.66,2
2018-05-07,Technology,Phones,79.96,1
2015-05-08,Furniture,Chairs,1473.49,2
2015-05-08,Furniture,Tables,489.23,1
2015-05-08,Office Supplies,Appliances,79.47,1
2015-05-08,Office Supplies,Art,66.5,3
2015-05-08,Office Supplies,Paper,131.9,2
2015-05-08,Office Supplies,Storage,15.78,1
2015-05-08,Technology,Accessories,16.36,1
2015-05-08,Technology,Phones,135.99,1
2016-05-08,Furniture,Furnishings,14.76,1
2016-05-08,Office Supplies,Binders,1.36,1
2016-05-08,Office Supplies,Storage,33.49,1
2016-05-08,Office Supplies,Supplies,23.04,1
2017-05-08,Office Supplies,Art,197.05,1
2018-05-08,Office Supplies,Binders,125.88,1
2018-05-08,Office Supplies,Labels,133.2,1
2018-05-08,Office Supplies,Paper,13.76,1
2018-05-08,Office Supplies,Storage,151.06,1
2018-05-08,Technology,Accessories,79.78,1
2015-05-09,Furniture,Furnishings,31.98,1
2015-05-09,Office Supplies,Storage,264.32,1
2016-05-09,Furniture,Bookcases,704.53,2
2016-05-09,Furniture,Furnishings,74.12,2
2016-05-09,Office Supplies,Binders,49.49,3
2016-05-09,Office Supplies,Paper,36.84,1
2016-05-09,Office Supplies,Supplies,69.12,1
2017-05-09,Furniture,Chairs,1634.5,5
2017-05-09,Furniture,Furnishings,174.47,4
2017-05-09,Furniture,Tables,1652.94,1
2017-05-09,Office Supplies,Appliances,62.79,1
2017-05-09,Office Supplies,Art,115.81,2
2017-05-09,Office Supplies,Binders,125.1,5
2017-05-09,Office Supplies,Envelopes,23.47,1
2017-05-09,Office Supplies,Fasteners,48.61,3
2017-05-09,Office Supplies,Labels,47.11,2
2017-05-09,Office Supplies,Paper,435.41,7
2017-05-09,Office Supplies,Storage,359.35,3
2017-05-09,Technology,Accessories,116.0,1
2017-05-09,Technology,Phones,430.78,3
2018-05-09,Office Supplies,Art,74.74,2
2018-05-09,Office Supplies,Paper,15.55,1
2018-05-09,Office Supplies,Storage,147.18,1
2018-05-09,Technology,Accessories,89.57,1
2015-05-10,Office Supplies,Appliances,91.92,1
2015-05-10,Technology,Accessories,99.98,1
2016-05-10,Furniture,Bookcases,66.29,1
2016-05-10,Furniture,Chairs,291.17,1
2016-05-10,Office Supplies,Appliances,28.84,1
2016-05-10,Office Supplies,Art,46.2,1
2016-05-10,Office Supplies,Storage,77.55,1
2016-05-10,Technology,Accessories,341.04,2
2018-05-10,Furniture,Chairs,656.55,2
2018-05-10,Furniture,Furnishings,72.9,1
2018-05-10,Furniture,Tables,206.35,1
2018-05-10,Office Supplies,Appliances,15.8,1
2018-05-10,Office Supplies,Binders,135.65,3
2018-05-10,Office Supplies,Fasteners,14.9,1
2018-05-10,Office Supplies,Paper,61.96,1
2018-05-10,Technology,Accessories,63.82,1
2018-05-10,Technology,Machines,5199.96,1
2018-05-10,Technology,Phones,256.72,3
2015-05-11,Furniture,Chairs,149.9,1
2015-05-11,Furniture,Furnishings,293.61,2
2015-05-11,Office Supplies,Binders,13.19,1
2015-05-11,Office Supplies,Storage,1080.1,1
2015-05-11,Technology,Accessories,157.77,3
2016-05-11,Furniture,Chairs,207.0,1
2016-05-11,Office Supplies,Appliances,387.14,1
2016-05-11,Office Supplies,Binders,130.91,3
2016-05-11,Office Supplies,Labels,19.82,1
2016-05-11,Office Supplies,Storage,62.8,1
2016-05-11,Office Supplies,Supplies,27.2,1
2017-05-11,Furniture,Bookcases,956.66,1
2017-05-11,Furniture,Chairs,113.89,1
2017-05-11,Furniture,Furnishings,1030.76,2
2017-05-11,Furniture,Tables,863.13,1
2017-05-11,Office Supplies,Art,39.68,1
2017-05-11,Office Supplies,Binders,203.42,5
2017-05-11,Office Supplies,Envelopes,158.13,1
2017-05-11,Office Supplies,Labels,63.59,2
2017-05-11,Technology,Accessories,813.65,4
2017-05-11,Technology,Phones,23.99,1
2018-05-11,Furniture,Chairs,128.12,1
2018-05-11,Furniture,Furnishings,101.4,1
2018-05-11,Furniture,Tables,166.5,1
2018-05-11,Office Supplies,Binders,194.53,4
2018-05-11,Office Supplies,Paper,377.03,6
2018-05-11,Office Supplies,Storage,243.99,1
2018-05-11,Technology,Accessories,550.74,2
2018-05-11,Technology,Phones,592.75,2
2015-05-12,Office Supplies,Appliances,250.26,1
2015-05-12,Office Supplies,Art,1139.48,2
2015-05-12,Office Supplies,Binders,29.94,1
2015-05-12,Office Supplies,Envelopes,348.49,1
2015-05-12,Office Supplies,Fasteners,15.0,1
2015-05-12,Office Supplies,Paper,164.97,3
2015-05-12,Office Supplies,Storage,222.11,3
2015-05-12,Technology,Accessories,408.74,1
2015-05-12,Technology,Phones,384.65,3
2016-05-12,Furniture,Chairs,262.07,2
2016-05-12,Furniture,Furnishings,44.46,1
2016-05-12,Office Supplies,Art,45.04,1
2016-05-12,Office Supplies,Binders,411.26,3
2016-05-12,Office Supplies,Envelopes,12.22,1
2016-05-12,Office Supplies,Labels,12.6,1
2016-05-12,Office Supplies,Paper,22.68,1
2016-05-12,Technology,Accessories,86.98,2
2017-05-12,Furniture,Bookcases,81.94,1
2017-05-12,Furniture,Chairs,1951.84,1
2017-05-12,Furniture,Furnishings,191.82,1
2017-05-12,Office Supplies,Art,37.46,2
2017-05-12,Office Supplies,Binders,579.53,2
2017-05-12,Office Supplies,Labels,11.95,1
2017-05-12,Office Supplies,Storage,1050.0,2
2017-05-12,Technology,Phones,1234.4,3
2018-05-12,Furniture,Furnishings,321.48,4
2018-05-12,Office Supplies,Appliances,316.34,2
2018-05-12,Office Supplies,Binders,305.76,5
2018-05-12,Office Supplies,Labels,20.52,2
2018-05-12,Office Supplies,Paper,153.44,3
2018-05-12,Technology,Accessories,304.42,2
2018-05-12,Technology,Phones,31.18,1
2015-06-01,Furniture,Chairs,2573.82,1
2015-06-01,Office Supplies,Art,18.26,2
2015-06-01,Office Supplies,Binders,609.98,1
2015-06-01,Office Supplies,Fasteners,31.12,1
2015-06-01,Office Supplies,Paper,25.98,2
2015-06-01,Technology,Phones,1147.94,2
2016-06-01,Office Supplies,Binders,1.94,1
2016-06-01,Office Supplies,Paper,29.6,1
2018-06-01,Office Supplies,Binders,33.74,1
2015-06-02,Office Supplies,Binders,8.95,1
2015-06-02,Office Supplies,Labels,15.0,1
2015-06-02,Technology,Phones,306.56,2
2016-06-02,Furniture,Bookcases,283.92,1
2016-06-02,Furniture,Chairs,1268.82,1
2016-06-02,Office Supplies,Art,10.96,2
2016-06-02,Office Supplies,Binders,2.93,1
2016-06-02,Office Supplies,Paper,29.9,1
2016-06-02,Office Supplies,Storage,817.48,2
2016-06-02,Technology,Accessories,18.53,1
2017-06-02,Furniture,Furnishings,132.22,1
2018-06-02,Furniture,Bookcases,600.75,2
2018-06-02,Office Supplies,Binders,46.24,1
2018-06-02,Office Supplies,Paper,29.9,1
2018-06-02,Technology,Phones,227.46,1
2016-06-03,Furniture,Furnishings,435.26,1
2016-06-03,Technology,Copiers,1119.98,1
2017-06-03,Furniture,Furnishings,159.04,1
2017-06-03,Furniture,Tables,145.98,1
2017-06-03,Office Supplies,Appliances,2.33,1
2017-06-03,Office Supplies,Binders,3.77,2
2017-06-03,Technology,Phones,500.18,2
2018-06-03,Furniture,Furnishings,71.97,1
2018-06-03,Office Supplies,Art,87.37,2
2018-06-03,Office Supplies,Binders,14.98,1
2018-06-03,Office Supplies,Labels,16.45,2
2018-06-03,Office Supplies,Paper,313.31,2
2018-06-03,Office Supplies,Storage,67.78,1
2018-06-03,Technology,Phones,206.38,1
2015-06-04,Furniture,Furnishings,125.07,2
2015-06-04,Furniture,Tables,808.31,2
2015-06-04,Office Supplies,Art,70.95,1
2015-06-04,Office Supplies,Binders,110.48,2
2015-06-04,Office Supplies,Paper,74.92,2
2015-06-04,Office Supplies,Supplies,10.3,1
2015-06-04,Technology,Accessories,450.65,3
2016-06-04,Office Supplies,Art,42.05,1
2016-06-04,Office Supplies,Binders,16.55,2
2016-06-04,Office Supplies,Paper,55.92,2
2016-06-04,Technology,Accessories,25.49,1
2017-06-04,Technology,Phones,1294.75,1
2018-06-04,Office Supplies,Binders,8.1,1
2018-06-04,Office Supplies,Paper,106.32,1
2015-06-05,Office Supplies,Art,107.94,1
2015-06-05,Office Supplies,Binders,140.74,1
2015-06-05,Office Supplies,Labels,5.78,1
2017-06-05,Furniture,Furnishings,96.31,2
2017-06-05,Office Supplies,Appliances,54.48,1
2017-06-05,Office Supplies,Binders,3.21,1
2017-06-05,Office Supplies,Fasteners,7.22,1
2017-06-05,Office Supplies,Paper,49.57,1
2017-06-05,Technology,Accessories,26.18,1
2018-06-05,Furniture,Bookcases,623.46,1
2018-06-05,Office Supplies,Appliances,152.94,1
2018-06-05,Office Supplies,Art,61.07,2
2018-06-05,Office Supplies,Binders,79.6,2
2018-06-05,Office Supplies,Labels,181.32,2
2018-06-05,Office Supplies,Paper,84.42,1
2018-06-05,Office Supplies,Storage,772.68,1
2018-06-05,Technology,Accessories,408.74,1
2018-06-05,Technology,Phones,627.17,1
2015-06-06,Furniture,Tables,991.76,1
2015-06-06,Office Supplies,Art,13.36,1
2015-06-06,Office Supplies,Binders,175.5,3
2015-06-06,Office Supplies,Envelopes,13.98,1
2015-06-06,Office Supplies,Labels,100.24,1
2015-06-06,Office Supplies,Paper,62.02,1
2015-06-06,Office Supplies,Supplies,17.14,1
2017-06-06,Office Supplies,Binders,75.81,2
2017-06-06,Office Supplies,Labels,22.05,1
2017-06-06,Office Supplies,Paper,278.32,4
2017-06-06,Office Supplies,Storage,714.3,1
2017-06-06,Technology,Accessories,557.12,4
2017-06-06,Technology,Phones,3829.75,3
2018-06-06,Furniture,Furnishings,4.95,1
2018-06-06,Office Supplies,Storage,26.4,1
2015-06-07,Furniture,Chairs,478.48,1
2015-06-07,Technology,Copiers,559.99,1
2016-06-07,Furniture,Bookcases,301.96,1
2016-06-07,Furniture,Chairs,170.35,1
2016-06-07,Furniture,Furnishings,169.78,2
2016-06-07,Office Supplies,Art,11.12,1
2016-06-07,Office Supplies,Storage,601.65,1
2016-06-07,Technology,Phones,124.95,1
2018-06-07,Furniture,Chairs,361.38,2
2018-06-07,Office Supplies,Binders,2.95,1
2018-06-07,Office Supplies,Paper,16.06,1
2015-06-08,Technology,Accessories,262.89,2
2016-06-08,Furniture,Bookcases,369.2,1
2016-06-08,Office Supplies,Binders,6.23,1
2016-06-08,Office Supplies,Labels,35.52,1
2016-06-08,Office Supplies,Paper,83.92,2
2017-06-08,Office Supplies,Art,38.34,1
2017-06-08,Office Supplies,Paper,70.88,1
2017-06-08,Technology,Phones,211.17,1
2018-06-08,Furniture,Bookcases,145.74,1
2018-06-08,Furniture,Furnishings,15.4,1
2018-06-08,Office Supplies,Art,227.88,1
2018-06-08,Office Supplies,Labels,24.64,1
2018-06-08,Office Supplies,Paper,115.3,1
2018-06-08,Office Supplies,Supplies,70.12,1
2018-06-08,Technology,Phones,824.95,1
2015-06-09,Furniture,Furnishings,41.88,1
2015-06-09,Office Supplies,Labels,58.48,1
2016-06-09,Furniture,Chairs,271.76,1
2016-06-09,Furniture,Furnishings,191.82,1
2016-06-09,Office Supplies,Appliances,8.39,1
2016-06-09,Office Supplies,Binders,56.16,3
2016-06-09,Office Supplies,Fasteners,7.24,1
2016-06-09,Technology,Accessories,46.32,1
2016-06-09,Technology,Phones,337.98,1
2017-06-09,Furniture,Bookcases,722.35,1
2017-06-09,Office Supplies,Appliances,77.88,1
2017-06-09,Office Supplies,Binders,3.2,1
2017-06-09,Office Supplies,Envelopes,95.95,1
2017-06-09,Office Supplies,Paper,41.92,1
2017-06-09,Office Supplies,Storage,10.78,1
2017-06-09,Technology,Accessories,31.86,1
2017-06-09,Technology,Phones,329.58,1
2015-06-10,Office Supplies,Binders,15.36,1
2015-06-10,Office Supplies,Storage,470.26,2
2015-06-10,Technology,Accessories,9.09,1
2017-06-10,Office Supplies,Binders,58.73,3
2017-06-10,Technology,Accessories,67.96,1
2017-06-10,Technology,Machines,703.71,1
2018-06-10,Furniture,Furnishings,41.96,1
2018-06-10,Office Supplies,Appliances,227.84,1
2018-06-10,Office Supplies,Paper,246.15,5
2018-06-10,Office Supplies,Storage,344.91,1
2018-06-10,Technology,Accessories,319.96,1
2016-06-11,Office Supplies,Binders,4.4,1
2016-06-11,Office Supplies,Envelopes,7.08,1
2017-06-11,Furniture,Chairs,289.41,2
2017-06-11,Furniture,Furnishings,274.13,2
2017-06-11,Office Supplies,Paper,124.88,2
2017-06-11,Office Supplies,Storage,84.84,1
2018-06-11,Furniture,Chairs,576.94,2
2018-06-11,Furniture,Furnishings,67.56,3
2018-06-11,Furniture,Tables,2036.86,1
2018-06-11,Office Supplies,Appliances,499.58,1
2018-06-11,Office Supplies,Art,19.58,2
2018-06-11,Office Supplies,Binders,20.2,3
2018-06-11,Office Supplies,Envelopes,15.28,1
2018-06-11,Office Supplies,Labels,41.4,1
2018-06-11,Office Supplies,Paper,561.88,8
2018-06-11,Office Supplies,Storage,323.56,3
2018-06-11,Technology,Accessories,125.91,2
2015-06-12,Furniture,Furnishings,34.75,2
2015-06-12,Furniture,Tables,490.44,2
2015-06-12,Office Supplies,Appliances,14.02,1
2015-06-12,Office Supplies,Binders,4.6,1
2015-06-12,Office Supplies,Paper,42.21,1
2015-06-12,Office Supplies,Storage,1349.92,3
2015-06-12,Technology,Phones,35.04,1
2016-06-12,Furniture,Chairs,70.69,1
2016-06-12,Furniture,Furnishings,320.03,2
2016-06-12,Office Supplies,Appliances,7.78,1
2016-06-12,Office Supplies,Art,243.83,3
2016-06-12,Office Supplies,Binders,17.6,2
2016-06-12,Office Supplies,Labels,14.94,1
2016-06-12,Office Supplies,Paper,314.72,7
2016-06-12,Office Supplies,Storage,1572.95,2
2016-06-12,Technology,Accessories,1619.91,1
2016-06-12,Technology,Copiers,999.98,1
2016-06-12,Technology,Phones,879.06,3
2017-06-12,Office Supplies,Binders,1298.11,4
2017-06-12,Office Supplies,Envelopes,35.89,1
2017-06-12,Office Supplies,Paper,457.22,3
2017-06-12,Technology,Copiers,479.98,1
2017-06-12,Technology,Phones,588.77,2
2018-06-12,Office Supplies,Storage,10.68,1
2015-07-01,Furniture,Furnishings,76.73,1
2015-07-01,Office Supplies,Binders,10.43,1
2017-07-01,Furniture,Furnishings,23.08,1
2017-07-01,Office Supplies,Art,34.58,1
2017-07-01,Office Supplies,Paper,25.92,1
2018-07-01,Office Supplies,Binders,2.81,1
2018-07-01,Office Supplies,Fasteners,7.89,1
2018-07-01,Office Supplies,Storage,214.8,2
2018-07-01,Office Supplies,Supplies,110.11,1
2018-07-01,Technology,Machines,3059.98,1
2015-07-02,Office Supplies,Storage,64.96,1
2015-07-02,Technology,Accessories,115.36,1
2016-07-02,Office Supplies,Envelopes,311.15,1
2016-07-02,Office Supplies,Paper,12.96,1
2017-07-02,Office Supplies,Labels,7.83,1
2017-07-02,Office Supplies,Paper,30.35,1
2017-07-02,Technology,Accessories,100.0,1
2017-07-02,Technology,Phones,623.96,1
2015-07-03,Furniture,Chairs,966.98,3
2015-07-03,Office Supplies,Art,38.59,2
2015-07-03,Office Supplies,Binders,107.65,1
2015-07-03,Office Supplies,Storage,447.84,2
2016-07-03,Office Supplies,Binders,99.72,2
2016-07-03,Technology,Accessories,119.85,1
2016-07-03,Technology,Phones,587.97,1
2017-07-03,Technology,Phones,21.07,1
2018-07-03,Office Supplies,Binders,25.92,1
2018-07-03,Office Supplies,Labels,91.59,1
2018-07-03,Technology,Accessories,49.08,1
2015-07-04,Furniture,Furnishings,8.96,1
2015-07-04,Office Supplies,Paper,181.29,2
2015-07-04,Technology,Phones,830.92,2
2016-07-04,Office Supplies,Appliances,463.25,1
2016-07-04,Office Supplies,Art,11.74,1
2016-07-04,Office Supplies,Paper,25.92,1
2016-07-04,Office Supplies,Storage,22.58,1
2016-07-04,Technology,Accessories,383.95,1
2017-07-04,Furniture,Chairs,658.75,1
2017-07-04,Office Supplies,Art,3.64,1
2017-07-04,Office Supplies,Paper,37.94,1
2017-07-04,Technology,Copiers,1199.98,1
2018-07-04,Furniture,Furnishings,258.07,1
2018-07-04,Furniture,Tables,854.47,2
2018-07-04,Office Supplies,Art,16.26,1
2018-07-04,Office Supplies,Binders,5.33,1
2018-07-04,Technology,Accessories,617.98,1
2018-07-04,Technology,Phones,219.18,1
2015-07-05,Furniture,Chairs,872.32,1
2015-07-05,Furniture,Tables,194.25,1
2015-07-05,Office Supplies,Art,8.64,1
2015-07-05,Office Supplies,Binders,16.14,1
2016-07-05,Furniture,Tables,244.01,1
2016-07-05,Office Supplies,Paper,61.62,2
2017-07-05,Furniture,Chairs,442.76,1
2017-07-05,Furniture,Furnishings,63.68,1
2017-07-05,Office Supplies,Binders,85.23,1
2017-07-05,Office Supplies,Labels,44.4,1
2017-07-05,Technology,Accessories,199.95,1
2017-07-05,Technology,Machines,3999.95,1
2018-07-05,Furniture,Chairs,1962.09,3
2018-07-05,Office Supplies,Appliances,87.44,1
2018-07-05,Technology,Accessories,79.99,1
2018-07-05,Technology,Phones,419.94,1
2015-07-06,Furniture,Tables,268.94,1
2015-07-06,Office Supplies,Binders,12.46,1
2016-07-06,Office Supplies,Art,8.02,1
2016-07-06,Office Supplies,Binders,25.83,2
2016-07-06,Office Supplies,Paper,25.92,1
2017-07-06,Office Supplies,Binders,4.78,1
2017-07-06,Office Supplies,Fasteners,9.65,1
2017-07-06,Office Supplies,Paper,37.13,2
2015-07-07,Furniture,Chairs,172.19,1
2015-07-07,Furniture,Furnishings,69.01,1
2017-07-07,Furniture,Chairs,541.34,2
2017-07-07,Furniture,Furnishings,275.94,2
2017-07-07,Office Supplies,Art,45.98,1
2017-07-07,Office Supplies,Binders,15.13,2
2017-07-07,Office Supplies,Fasteners,2.63,1
2017-07-07,Office Supplies,Labels,10.08,1
2017-07-07,Office Supplies,Paper,85.59,3
2017-07-07,Office Supplies,Supplies,45.58,1
2017-07-07,Technology,Copiers,2799.96,1
2017-07-07,Technology,Phones,59.99,1
2018-07-07,Furniture,Bookcases,87.21,1
2018-07-07,Office Supplies,Binders,17.47,1
2018-07-07,Office Supplies,Fasteners,5.94,1
2018-07-07,Office Supplies,Paper,15.55,1
2018-07-07,Office Supplies,Storage,13.39,1
2018-07-07,Technology,Accessories,796.7,3
2018-07-07,Technology,Phones,683.99,1
2016-07-08,Furniture,Furnishings,212.94,1
2016-07-08,Office Supplies,Appliances,77.58,1
2016-07-08,Office Supplies,Art,106.8,1
2016-07-08,Office Supplies,Binders,50.86,3
2016-07-08,Office Supplies,Labels,25.06,1
2016-07-08,Technology,Phones,494.97,1
2017-07-08,Technology,Accessories,179.97,1
2018-07-08,Furniture,Chairs,207.18,1
2018-07-08,Furniture,Furnishings,51.75,1
2018-07-08,Office Supplies,Appliances,1473.1,1
2018-07-08,Office Supplies,Art,116.48,2
2018-07-08,Office Supplies,Binders,56.84,3
2018-07-08,Office Supplies,Paper,269.11,2
2018-07-08,Office Supplies,Storage,118.16,1
2018-07-08,Technology,Accessories,319.16,4
2018-07-08,Technology,Phones,867.84,2
2015-07-09,Furniture,Chairs,161.96,1
2015-07-09,Furniture,Furnishings,921.94,3
2015-07-09,Furniture,Tables,630.69,2
2015-07-09,Office Supplies,Art,21.86,1
2015-07-09,Office Supplies,Binders,470.53,6
2015-07-09,Office Supplies,Fasteners,13.16,1
2015-07-09,Office Supplies,Paper,33.52,2
2015-07-09,Office Supplies,Storage,84.64,2
2015-07-09,Office Supplies,Supplies,27.36,1
2015-07-09,Technology,Accessories,46.69,1
2015-07-09,Technology,Machines,399.54,1
2015-07-09,Technology,Phones,711.98,4
2016-07-09,Furniture,Chairs,47.52,1
2016-07-09,Furniture,Tables,508.59,2
2016-07-09,Office Supplies,Art,140.74,1
2016-07-09,Office Supplies,Binders,20.54,3
2016-07-09,Office Supplies,Fasteners,7.24,1
2016-07-09,Office Supplies,Storage,756.15,3
2016-07-09,Technology,Accessories,649.93,2
2016-07-09,Technology,Phones,791.96,1
2018-07-09,Furniture,Chairs,161.57,1
2018-07-09,Furniture,Furnishings,309.12,5
2018-07-09,Office Supplies,Appliances,81.57,1
2018-07-09,Office Supplies,Art,25.98,1
2018-07-09,Office Supplies,Binders,1585.8,2
2018-07-09,Office Supplies,Envelopes,4.9,1
2018-07-09,Office Supplies,Labels,29.24,1
2018-07-09,Office Supplies,Paper,145.42,4
2018-07-09,Office Supplies,Storage,515.76,2
2018-07-09,Technology,Accessories,406.94,3
2018-07-09,Technology,Phones,582.27,2
2015-07-10,Furniture,Furnishings,129.92,1
2015-07-10,Office Supplies,Storage,107.44,1
2017-07-10,Office Supplies,Binders,27.26,1
2017-07-10,Office Supplies,Fasteners,93.36,1
2017-07-10,Office Supplies,Labels,4.93,1
2017-07-10,Office Supplies,Paper,10.56,1
2017-07-10,Technology,Machines,837.6,1
2018-07-10,Furniture,Bookcases,307.67,1
2018-07-10,Furniture,Tables,154.76,1
2018-07-10,Office Supplies,Binders,54.69,2
2018-07-10,Office Supplies,Fasteners,18.94,1
2018-07-10,Office Supplies,Storage,666.19,2
2018-07-10,Technology,Accessories,1115.91,1
2018-07-10,Technology,Phones,431.05,3
2015-07-11,Furniture,Chairs,683.14,1
2015-07-11,Office Supplies,Appliances,245.88,1
2015-07-11,Office Supplies,Binders,163.06,4
2015-07-11,Office Supplies,Envelopes,74.35,1
2015-07-11,Office Supplies,Fasteners,5.92,1
2015-07-11,Office Supplies,Paper,30.18,1
2015-07-11,Office Supplies,Storage,59.21,2
2015-07-11,Office Supplies,Supplies,40.71,1
2016-07-11,Furniture,Chairs,905.92,2
2016-07-11,Furniture,Furnishings,64.96,1
2016-07-11,Office Supplies,Art,23.64,1
2016-07-11,Office Supplies,Binders,1393.69,3
2016-07-11,Office Supplies,Envelopes,24.4,1
2016-07-11,Office Supplies,Fasteners,26.18,1
2016-07-11,Office Supplies,Paper,83.94,2
2016-07-11,Office Supplies,Storage,262.43,2
2016-07-11,Technology,Machines,287.91,1
2017-07-11,Furniture,Chairs,1603.14,1
2017-07-11,Furniture,Furnishings,59.28,2
2017-07-11,Office Supplies,Binders,426.46,5
2017-07-11,Office Supplies,Fasteners,14.96,1
2017-07-11,Office Supplies,Labels,14.62,1
2017-07-11,Office Supplies,Paper,25.86,2
2017-07-11,Office Supplies,Storage,430.91,2
2017-07-11,Office Supplies,Supplies,11.36,1
2017-07-11,Technology,Accessories,599.95,2
2017-07-11,Technology,Phones,623.93,2
2018-07-11,Furniture,Chairs,272.97,1
2018-07-11,Furniture,Tables,350.35,1
2018-07-11,Office Supplies,Appliances,100.94,1
2018-07-11,Office Supplies,Binders,59.95,2
2018-07-11,Technology,Accessories,507.65,3
2018-07-11,Technology,Phones,1121.51,2
2015-07-12,Office Supplies,Art,8.64,1
2015-07-12,Office Supplies,Paper,270.4,2
2015-07-12,Office Supplies,Storage,269.36,1
2016-07-12,Furniture,Chairs,283.92,1
2016-07-12,Furniture,Furnishings,79.92,1
2016-07-12,Office Supplies,Appliances,152.94,1
2016-07-12,Office Supplies,Binders,28.05,2
2016-07-12,Office Supplies,Fasteners,3.96,1
2016-07-12,Office Supplies,Labels,2.61,1
2016-07-12,Office Supplies,Paper,12.96,1
2016-07-12,Technology,Phones,773.94,1
2018-07-12,Furniture,Furnishings,82.38,1
2018-07-12,Office Supplies,Appliances,320.64,1
2018-07-12,Office Supplies,Binders,1889.99,1
2018-07-12,Office Supplies,Fasteners,3.55,1
2018-07-12,Office Supplies,Paper,65.59,2
2018-07-12,Technology,Accessories,179.98,2
2018-07-12,Technology,Phones,374.38,1
2017-08-01,Furniture,Bookcases,1565.88,1
2017-08-01,Office Supplies,Art,47.62,1
2017-08-01,Office Supplies,Binders,136.88,2
2017-08-01,Technology,Phones,108.78,1
2018-08-01,Furniture,Tables,892.98,1
2015-08-02,Furniture,Furnishings,14.56,1
2016-08-02,Office Supplies,Art,5.76,1
2016-08-02,Office Supplies,Fasteners,5.81,1
2016-08-02,Office Supplies,Paper,9.54,1
2016-08-02,Technology,Phones,107.98,1
2017-08-02,Furniture,Chairs,241.5,1
2017-08-02,Technology,Phones,1127.98,1
2016-08-03,Furniture,Bookcases,512.94,1
2016-08-03,Furniture,Chairs,860.93,1
2016-08-03,Furniture,Furnishings,373.08,1
2016-08-03,Office Supplies,Art,18.39,2
2016-08-03,Office Supplies,Binders,8.57,1
2016-08-03,Office Supplies,Paper,19.44,1
2016-08-03,Technology,Phones,769.95,1
2017-08-03,Furniture,Furnishings,215.96,2
2017-08-03,Office Supplies,Appliances,207.14,1
2017-08-03,Office Supplies,Art,13.9,1
2017-08-03,Office Supplies,Binders,88.01,3
2017-08-03,Office Supplies,Envelopes,146.35,1
2017-08-03,Office Supplies,Fasteners,5.98,1
2017-08-03,Office Supplies,Paper,12.96,1
2017-08-03,Technology,Accessories,27.96,1
2017-08-03,Technology,Phones,1472.54,2
2018-08-03,Office Supplies,Appliances,647.84,1
2018-08-03,Office Supplies,Art,3.36,1
2018-08-03,Office Supplies,Binders,171.2,1
2018-08-03,Office Supplies,Labels,20.7,1
2015-08-04,Furniture,Tables,1487.62,3
2015-08-04,Office Supplies,Fasteners,52.16,2
2015-08-04,Office Supplies,Paper,19.01,1
2015-08-04,Technology,Accessories,399.96,1
2017-08-04,Furniture,Bookcases,743.6,2
2017-08-04,Furniture,Chairs,95.98,1
2017-08-04,Furniture,Furnishings,184.62,2
2017-08-04,Office Supplies,Art,17.04,1
2017-08-04,Office Supplies,Binders,1209.9,2
2017-08-04,Office Supplies,Envelopes,35.05,3
2017-08-04,Office Supplies,Fasteners,30.0,1
2017-08-04,Office Supplies,Paper,93.32,4
2017-08-04,Office Supplies,Storage,64.96,1
2017-08-04,Technology,Accessories,431.93,1
2018-08-04,Furniture,Furnishings,637.14,3
2018-08-04,Office Supplies,Appliances,41.95,1
2018-08-04,Office Supplies,Binders,2690.97,1
2018-08-04,Office Supplies,Paper,440.31,2
2018-08-04,Office Supplies,Storage,2591.56,1
2015-08-05,Technology,Copiers,1799.97,1
2016-08-05,Furniture,Chairs,127.76,1
2016-08-05,Furniture,Furnishings,211.75,3
2016-08-05,Office Supplies,Art,5.25,1
2016-08-05,Office Supplies,Binders,43.98,1
2016-08-05,Office Supplies,Paper,57.38,2
2016-08-05,Office Supplies,Supplies,357.93,1
2016-08-05,Technology,Copiers,2799.94,1
2016-08-05,Technology,Phones,377.97,1
2017-08-05,Furniture,Furnishings,211.96,1
2017-08-05,Office Supplies,Paper,39.0,3
2017-08-05,Office Supplies,Storage,1031.18,2
2017-08-05,Technology,Accessories,58.11,1
2018-08-05,Furniture,Chairs,176.05,2
2018-08-05,Office Supplies,Appliances,81.08,1
2018-08-05,Office Supplies,Paper,41.47,1
2018-08-05,Technology,Copiers,3359.95,1
2015-08-06,Furniture,Chairs,755.9,2
2015-08-06,Office Supplies,Binders,68.48,1
2015-08-06,Office Supplies,Storage,1676.88,1
2016-08-06,Office Supplies,Appliances,143.13,1
2016-08-06,Technology,Accessories,2.38,1
2018-08-06,Furniture,Bookcases,1497.67,1
2018-08-06,Office Supplies,Appliances,1.62,1
2018-08-06,Office Supplies,Binders,95.12,3
2018-08-06,Office Supplies,Paper,85.06,1
2018-08-06,Office Supplies,Storage,35.17,1
2018-08-06,Office Supplies,Supplies,23.76,1
2018-08-06,Technology,Accessories,89.54,1
2018-08-06,Technology,Phones,399.1,2
2015-08-07,Furniture,Chairs,63.88,1
2015-08-07,Furniture,Tables,502.49,1
2015-08-07,Office Supplies,Binders,196.7,1
2016-08-07,Office Supplies,Paper,21.12,1
2017-08-07,Furniture,Chairs,662.88,1
2017-08-07,Office Supplies,Art,47.62,1
2017-08-07,Office Supplies,Binders,48.0,3
2017-08-07,Office Supplies,Paper,28.94,2
2017-08-07,Office Supplies,Storage,33.49,1
2017-08-07,Technology,Phones,1795.58,3
2018-08-07,Furniture,Furnishings,484.1,5
2018-08-07,Office Supplies,Art,255.74,6
2018-08-07,Office Supplies,Binders,109.54,2
2018-08-07,Office Supplies,Labels,861.66,2
2018-08-07,Office Supplies,Paper,77.32,2
2018-08-07,Technology,Accessories,191.9,2
2015-08-08,Furniture,Bookcases,155.46,1
2015-08-08,Furniture,Furnishings,503.02,3
2015-08-08,Office Supplies,Appliances,243.66,2
2015-08-08,Office Supplies,Envelopes,38.34,1
2015-08-08,Office Supplies,Storage,423.28,1
2015-08-08,Technology,Accessories,95.98,1
2015-08-08,Technology,Copiers,1749.97,2
2015-08-08,Technology,Phones,745.94,2
2016-08-08,Furniture,Chairs,144.78,1
2016-08-08,Office Supplies,Appliances,113.92,1
2016-08-08,Office Supplies,Art,39.66,1
2016-08-08,Office Supplies,Binders,461.75,3
2017-08-08,Furniture,Tables,513.02,1
2017-08-08,Office Supplies,Appliances,487.92,1
2017-08-08,Office Supplies,Binders,15.24,1
2017-08-08,Office Supplies,Fasteners,34.51,2
2017-08-08,Office Supplies,Paper,64.51,2
2015-08-09,Furniture,Chairs,3855.44,4
2015-08-09,Office Supplies,Appliances,251.41,3
2015-08-09,Office Supplies,Art,355.24,5
2015-08-09,Office Supplies,Binders,59.79,2
2015-08-09,Office Supplies,Fasteners,49.02,2
2015-08-09,Office Supplies,Paper,200.02,2
2015-08-09,Office Supplies,Storage,776.78,3
2015-08-09,Technology,Accessories,166.83,3
2015-08-09,Technology,Machines,8369.92,2
2015-08-09,Technology,Phones,143.98,1
2016-08-09,Furniture,Furnishings,21.36,1
2016-08-09,Office Supplies,Paper,26.4,1
2016-08-09,Office Supplies,Storage,41.88,1
2017-08-09,Furniture,Bookcases,2570.21,2
2017-08-09,Furniture,Furnishings,57.27,2
2017-08-09,Furniture,Tables,747.51,2
2017-08-09,Office Supplies,Appliances,207.48,1
2017-08-09,Office Supplies,Art,85.25,2
2017-08-09,Office Supplies,Binders,100.16,2
2017-08-09,Office Supplies,Labels,14.76,1
2017-08-09,Office Supplies,Paper,129.81,3
2017-08-09,Office Supplies,Storage,428.83,3
2017-08-09,Technology,Accessories,92.75,2
2017-08-09,Technology,Phones,59.96,1
2018-08-09,Furniture,Chairs,213.43,1
2018-08-09,Furniture,Furnishings,21.18,1
2018-08-09,Furniture,Tables,765.63,1
2018-08-09,Office Supplies,Binders,42.62,1
2018-08-09,Office Supplies,Fasteners,45.92,1
2018-08-09,Office Supplies,Paper,20.74,1
2018-08-09,Office Supplies,Storage,126.8,2
2018-08-09,Technology,Accessories,211.13,3
2018-08-09,Technology,Copiers,319.98,1
2018-08-09,Technology,Phones,416.9,2
2015-08-10,Office Supplies,Paper,123.92,1
2015-08-10,Technology,Accessories,23.47,1
2016-08-10,Furniture,Furnishings,218.68,2
2016-08-10,Office Supplies,Art,3.44,1
2017-08-10,Furniture,Furnishings,51.71,1
2017-08-10,Office Supplies,Labels,60.14,1
2017-08-10,Office Supplies,Paper,61.96,1
2017-08-10,Office Supplies,Storage,387.72,1
2018-08-10,Furniture,Chairs,145.76,1
2018-08-10,Office Supplies,Storage,83.44,2
2018-08-10,Technology,Accessories,275.96,2
2018-08-10,Technology,Phones,103.19,1
2015-08-11,Technology,Phones,333.58,1
2016-08-11,Furniture,Bookcases,4404.9,1
2016-08-11,Furniture,Chairs,577.76,1
2016-08-11,Furniture,Furnishings,269.76,4
2016-08-11,Office Supplies,Appliances,44.43,1
2016-08-11,Office Supplies,Art,305.41,3
2016-08-11,Office Supplies,Binders,194.31,4
2016-08-11,Office Supplies,Fasteners,41.54,3
2016-08-11,Office Supplies,Labels,5.04,1
2016-08-11,Office Supplies,Paper,110.88,2
2016-08-11,Office Supplies,Storage,67.15,1
2016-08-11,Technology,Accessories,491.87,2
2016-08-11,Technology,Machines,4643.8,1
2016-08-11,Technology,Phones,1040.14,3
2017-08-11,Furniture,Bookcases,261.96,1
2017-08-11,Furniture,Chairs,731.94,1
2018-08-11,Furniture,Furnishings,274.2,1
2018-08-11,Office Supplies,Art,109.9,1
2015-08-12,Furniture,Chairs,603.92,1
2015-08-12,Furniture,Furnishings,119.32,2
2015-08-12,Office Supplies,Binders,6.46,1
2015-08-12,Office Supplies,Labels,39.41,2
2015-08-12,Office Supplies,Paper,56.05,2
2015-08-12,Office Supplies,Storage,99.49,2
2015-08-12,Office Supplies,Supplies,13.88,1
2015-08-12,Technology,Accessories,103.92,1
2015-08-12,Technology,Phones,52.68,1
2016-08-12,Office Supplies,Paper,376.41,2
2016-08-12,Office Supplies,Storage,221.96,1
2016-08-12,Technology,Accessories,236.0,1
2016-08-12,Technology,Phones,1838.36,2
2017-08-12,Furniture,Bookcases,405.86,1
2017-08-12,Furniture,Chairs,680.01,1
2017-08-12,Furniture,Furnishings,190.92,1
2017-08-12,Furniture,Tables,1421.66,1
2017-08-12,Office Supplies,Art,8.56,1
2017-08-12,Office Supplies,Binders,12.96,1
2017-08-12,Office Supplies,Paper,55.94,2
2017-08-12,Office Supplies,Storage,386.43,2
2017-08-12,Technology,Accessories,84.67,2
2017-08-12,Technology,Phones,1462.08,3
2018-08-12,Furniture,Bookcases,1796.75,2
2018-08-12,Furniture,Chairs,329.11,2
2018-08-12,Furniture,Furnishings,238.38,2
2018-08-12,Furniture,Tables,1004.02,1
2018-08-12,Office Supplies,Appliances,1159.23,2
2018-08-12,Office Supplies,Art,13.25,1
2018-08-12,Office Supplies,Binders,112.9,2
2018-08-12,Office Supplies,Labels,89.41,2
2018-08-12,Office Supplies,Paper,287.81,7
2018-08-12,Office Supplies,Storage,970.15,5
2018-08-12,Technology,Accessories,358.06,2
2018-08-12,Technology,Copiers,1199.98,1
2018-08-12,Technology,Phones,83.99,1
2015-09-01,Office Supplies,Art,9.34,1
2015-09-01,Technology,Accessories,31.2,1
2016-09-01,Office Supplies,Appliances,163.44,1
2016-09-01,Office Supplies,Art,42.76,1
2016-09-01,Office Supplies,Paper,157.87,2
2017-09-01,Furniture,Furnishings,15.17,1
2017-09-01,Technology,Accessories,349.95,1
2017-09-01,Technology,Phones,377.93,1
2018-09-01,Office Supplies,Binders,274.49,1
2016-09-02,Furniture,Chairs,203.92,1
2016-09-02,Furniture,Furnishings,40.78,1
2016-09-02,Office Supplies,Labels,40.1,1
2016-09-02,Technology,Accessories,500.75,2
2017-09-02,Technology,Accessories,121.83,2
2018-09-02,Furniture,Furnishings,25.1,2
2018-09-02,Office Supplies,Appliances,12.99,1
2018-09-02,Office Supplies,Binders,252.78,1
2018-09-02,Office Supplies,Storage,354.9,1
2018-09-02,Technology,Accessories,127.98,1
2016-09-03,Office Supplies,Labels,4.61,1
2016-09-03,Technology,Accessories,113.52,1
2016-09-03,Technology,Phones,359.88,1
2017-09-03,Furniture,Chairs,354.9,1
2017-09-03,Office Supplies,Binders,51.8,1
2017-09-03,Office Supplies,Paper,17.94,1
2017-09-03,Office Supplies,Storage,11.21,1
2017-09-03,Technology,Accessories,199.75,1
2018-09-03,Office Supplies,Binders,30.84,1
2018-09-03,Technology,Accessories,199.98,1
2018-09-03,Technology,Copiers,479.98,1
2016-09-04,Furniture,Tables,369.91,1
2016-09-04,Office Supplies,Appliances,370.14,1
2016-09-04,Office Supplies,Storage,17.94,1
2017-09-04,Furniture,Bookcases,556.66,1
2017-09-04,Office Supplies,Binders,40.63,2
2017-09-04,Technology,Phones,517.9,1
2018-09-04,Office Supplies,Art,35.97,1
2018-09-04,Office Supplies,Binders,533.57,3
2018-09-04,Office Supplies,Labels,33.58,3
2018-09-04,Office Supplies,Paper,521.78,4
2018-09-04,Office Supplies,Storage,501.81,1
2015-09-05,Office Supplies,Labels,30.1,2
2015-09-05,Office Supplies,Paper,45.36,1
2015-09-05,Office Supplies,Storage,83.25,1
2015-09-05,Technology,Accessories,235.77,2
2016-09-05,Office Supplies,Binders,48.81,1
2017-09-05,Office Supplies,Appliances,48.78,1
2017-09-05,Office Supplies,Art,115.22,3
2017-09-05,Office Supplies,Binders,31.71,2
2017-09-05,Office Supplies,Envelopes,9.34,1
2017-09-05,Office Supplies,Paper,108.68,2
2017-09-05,Office Supplies,Storage,856.66,1
2017-09-05,Technology,Accessories,93.98,1
2017-09-05,Technology,Phones,19.14,1
2018-09-05,Furniture,Chairs,207.0,1
2018-09-05,Furniture,Tables,286.85,1
2018-09-05,Office Supplies,Binders,147.92,1
2018-09-05,Office Supplies,Envelopes,65.23,1
2018-09-05,Office Supplies,Storage,171.24,2
2018-09-05,Technology,Accessories,199.98,1
2015-09-06,Furniture,Furnishings,86.26,2
2015-09-06,Furniture,Tables,3147.48,2
2015-09-06,Office Supplies,Appliances,114.9,1
2015-09-06,Office Supplies,Art,118.81,4
2015-09-06,Office Supplies,Binders,18.5,1
2015-09-06,Office Supplies,Paper,79.14,1
2015-09-06,Office Supplies,Supplies,7.36,1
2015-09-06,Technology,Accessories,63.98,1
2015-09-06,Technology,Phones,1826.57,3
2016-09-06,Furniture,Furnishings,355.36,1
2016-09-06,Office Supplies,Binders,215.82,3
2016-09-06,Office Supplies,Paper,12.96,1
2016-09-06,Technology,Accessories,72.6,1
2016-09-06,Technology,Phones,140.38,1
2017-09-06,Furniture,Chairs,122.35,1
2017-09-06,Furniture,Tables,692.94,1
2017-09-06,Technology,Machines,695.7,1
2017-09-06,Technology,Phones,177.48,1
2018-09-06,Furniture,Furnishings,23.98,1
2018-09-06,Furniture,Tables,108.92,1
2018-09-06,Office Supplies,Paper,85.47,2
2018-09-06,Office Supplies,Storage,720.76,1
2015-09-07,Furniture,Bookcases,119.83,1
2015-09-07,Office Supplies,Art,5.56,1
2015-09-07,Office Supplies,Binders,56.21,2
2015-09-07,Office Supplies,Labels,2.88,1
2015-09-07,Office Supplies,Paper,57.12,3
2015-09-07,Office Supplies,Storage,23.92,1
2016-09-07,Furniture,Furnishings,181.96,1
2016-09-07,Office Supplies,Appliances,48.63,1
2016-09-07,Office Supplies,Art,84.52,2
2016-09-07,Office Supplies,Binders,404.07,4
2016-09-07,Office Supplies,Fasteners,15.8,1
2016-09-07,Office Supplies,Labels,12.39,1
2016-09-07,Office Supplies,Paper,6.58,1
2016-09-07,Office Supplies,Storage,98.21,1
2016-09-07,Technology,Machines,464.97,1
2016-09-07,Technology,Phones,269.98,1
2017-09-07,Furniture,Chairs,408.01,1
2017-09-07,Furniture,Furnishings,165.28,1
2018-09-07,Furniture,Furnishings,526.45,1
2018-09-07,Office Supplies,Appliances,58.46,1
2018-09-07,Office Supplies,Art,127.88,2
2018-09-07,Office Supplies,Binders,1.08,1
2018-09-07,Office Supplies,Paper,274.8,1
2018-09-07,Office Supplies,Storage,424.56,2
2018-09-07,Technology,Phones,257.98,1
2015-09-08,Office Supplies,Binders,2070.09,2
2015-09-08,Office Supplies,Fasteners,4.46,1
2015-09-08,Office Supplies,Labels,20.88,1
2015-09-08,Office Supplies,Paper,21.53,2
2015-09-08,Technology,Phones,1488.72,3
2016-09-08,Furniture,Bookcases,687.4,1
2016-09-08,Furniture,Furnishings,63.22,3
2016-09-08,Furniture,Tables,1005.26,2
2016-09-08,Office Supplies,Art,2.2,1
2016-09-08,Office Supplies,Binders,1217.57,1
2016-09-08,Office Supplies,Fasteners,10.65,1
2016-09-08,Office Supplies,Labels,4.61,1
2016-09-08,Office Supplies,Paper,287.82,2
2016-09-08,Office Supplies,Storage,63.94,2
2016-09-08,Technology,Accessories,247.8,1
2016-09-08,Technology,Phones,1287.93,2
2017-09-08,Office Supplies,Appliances,569.54,1
2017-09-08,Office Supplies,Binders,16.22,2
2017-09-08,Office Supplies,Paper,30.82,1
2017-09-08,Technology,Phones,44.78,1
2015-09-09,Furniture,Chairs,785.88,1
2015-09-09,Furniture,Furnishings,78.14,2
2015-09-09,Office Supplies,Art,30.82,1
2015-09-09,Office Supplies,Labels,103.6,1
2015-09-09,Office Supplies,Paper,219.09,4
2015-09-09,Office Supplies,Storage,1325.85,1
2015-09-09,Technology,Accessories,64.7,1
2015-09-09,Technology,Machines,1299.99,1
2015-09-09,Technology,Phones,135.52,1
2017-09-09,Furniture,Furnishings,15.01,1
2017-09-09,Office Supplies,Binders,69.98,2
2018-09-09,Furniture,Chairs,385.29,2
2018-09-09,Furniture,Furnishings,97.27,3
2018-09-09,Office Supplies,Appliances,11.18,1
2018-09-09,Office Supplies,Art,37.15,3
2018-09-09,Office Supplies,Binders,18.66,4
2018-09-09,Office Supplies,Envelopes,17.48,1
2018-09-09,Office Supplies,Labels,27.57,2
2018-09-09,Office Supplies,Paper,262.53,4
2018-09-09,Office Supplies,Storage,1043.61,4
2018-09-09,Office Supplies,Supplies,8.83,1
2018-09-09,Technology,Accessories,514.54,3
2018-09-09,Technology,Phones,1931.96,1
2015-09-10,Office Supplies,Art,144.6,1
2015-09-10,Office Supplies,Paper,88.77,1
2015-09-10,Technology,Phones,15.99,1
2016-09-10,Furniture,Chairs,389.97,1
2016-09-10,Office Supplies,Appliances,299.31,2
2016-09-10,Office Supplies,Art,37.38,1
2016-09-10,Office Supplies,Binders,13.09,2
2016-09-10,Office Supplies,Envelopes,57.96,1
2016-09-10,Office Supplies,Paper,23.92,1
2016-09-10,Office Supplies,Storage,30.84,1
2016-09-10,Technology,Accessories,619.95,1
2016-09-10,Technology,Phones,661.12,2
2017-09-10,Furniture,Furnishings,502.4,2
2017-09-10,Office Supplies,Art,1.41,1
2017-09-10,Office Supplies,Paper,19.14,1
2017-09-10,Technology,Phones,23.98,1
2018-09-10,Furniture,Bookcases,314.35,1
2018-09-10,Furniture,Chairs,254.06,1
2018-09-10,Furniture,Furnishings,45.89,1
2018-09-10,Furniture,Tables,719.1,2
2018-09-10,Office Supplies,Art,67.14,1
2018-09-10,Office Supplies,Binders,31.06,2
2018-09-10,Office Supplies,Paper,65.0,3
2015-09-11,Furniture,Bookcases,222.67,1
2015-09-11,Furniture,Furnishings,56.52,1
2015-09-11,Office Supplies,Paper,157.5,2
2015-09-11,Office Supplies,Storage,433.44,2
2015-09-11,Technology,Phones,703.97,1
2016-09-11,Furniture,Tables,1024.38,1
2016-09-11,Office Supplies,Binders,27.96,2
2016-09-11,Office Supplies,Envelopes,38.46,2
2016-09-11,Office Supplies,Fasteners,2.48,1
2016-09-11,Office Supplies,Paper,28.69,2
2016-09-11,Office Supplies,Storage,262.49,2
2016-09-11,Technology,Accessories,913.93,2
2016-09-11,Technology,Machines,2321.9,1
2017-09-11,Technology,Accessories,479.97,1
2018-09-11,Furniture,Chairs,739.37,2
2018-09-11,Furniture,Furnishings,143.65,2
2018-09-11,Office Supplies,Binders,9.64,1
2018-09-11,Office Supplies,Storage,2241.08,3
2018-09-11,Technology,Accessories,1118.59,3
2018-09-11,Technology,Phones,499.17,1
2015-09-12,Office Supplies,Appliances,20.39,1
2015-09-12,Office Supplies,Envelopes,30.67,1
2015-09-12,Office Supplies,Paper,53.82,3
2015-09-12,Office Supplies,Storage,337.8,2
2015-09-12,Technology,Copiers,1079.98,1
2016-09-12,Office Supplies,Paper,34.02,1
2017-09-12,Furniture,Tables,1136.83,2
2017-09-12,Office Supplies,Appliances,126.63,3
2017-09-12,Office Supplies,Art,28.79,2
2017-09-12,Office Supplies,Binders,276.87,2
2017-09-12,Office Supplies,Labels,125.81,2
2017-09-12,Office Supplies,Paper,9.39,1
2017-09-12,Office Supplies,Supplies,20.57,1
2017-09-12,Technology,Accessories,79.02,2
2017-09-12,Technology,Phones,51.58,2
2018-09-12,Furniture,Bookcases,148.26,1
2018-09-12,Furniture,Chairs,872.94,1
2018-09-12,Furniture,Furnishings,9.71,1
2018-09-12,Furniture,Tables,896.33,1
2018-09-12,Office Supplies,Appliances,403.9,2
2018-09-12,Office Supplies,Art,48.48,3
2018-09-12,Office Supplies,Binders,211.18,9
2018-09-12,Office Supplies,Envelopes,57.58,1
2018-09-12,Office Supplies,Labels,5.76,1
2018-09-12,Office Supplies,Paper,640.59,6
2018-09-12,Office Supplies,Storage,79.59,3
2018-09-12,Technology,Accessories,251.33,2
2018-09-12,Technology,Copiers,1399.98,1
2018-09-12,Technology,Phones,444.77,1
2015-10-01,Furniture,Furnishings,51.94,1
2015-10-01,Office Supplies,Labels,2.89,1
2016-10-01,Furniture,Tables,1018.1,1
2017-10-01,Furniture,Furnishings,104.77,2
2017-10-01,Technology,Accessories,69.98,1
2016-10-02,Office Supplies,Storage,77.24,1
2018-10-02,Furniture,Bookcases,203.98,1
2018-10-02,Office Supplies,Paper,23.12,1
2015-10-03,Office Supplies,Art,83.17,1
2015-10-03,Office Supplies,Paper,22.38,1
2015-10-03,Office Supplies,Storage,636.41,1
2016-10-03,Office Supplies,Binders,1.11,1
2016-10-03,Office Supplies,Storage,89.82,1
2017-10-03,Furniture,Bookcases,176.78,1
2017-10-03,Office Supplies,Paper,14.9,1
2017-10-03,Office Supplies,Storage,104.7,1
2017-10-03,Technology,Accessories,66.84,2
2017-10-03,Technology,Machines,3357.6,1
2017-10-03,Technology,Phones,4158.91,1
2018-10-03,Furniture,Furnishings,50.57,2
2018-10-03,Furniture,Tables,933.41,1
2018-10-03,Office Supplies,Appliances,48.78,1
2018-10-03,Office Supplies,Art,5.25,1
2018-10-03,Office Supplies,Binders,13.09,1
2018-10-03,Technology,Accessories,111.96,1
2018-10-03,Technology,Phones,89.89,2
2016-10-04,Office Supplies,Art,14.67,1
2016-10-04,Office Supplies,Binders,12.83,1
2016-10-04,Office Supplies,Storage,142.04,1
2017-10-04,Office Supplies,Appliances,113.76,1
2017-10-04,Office Supplies,Art,13.57,1
2017-10-04,Office Supplies,Binders,80.14,3
2017-10-04,Office Supplies,Paper,12.96,1
2017-10-04,Office Supplies,Storage,730.17,2
2018-10-04,Furniture,Furnishings,48.99,2
2018-10-04,Office Supplies,Appliances,195.1,1
2018-10-04,Office Supplies,Binders,4.42,1
2018-10-04,Office Supplies,Fasteners,7.16,1
2018-10-04,Office Supplies,Paper,17.98,2
2018-10-04,Office Supplies,Storage,286.15,1
2018-10-04,Technology,Accessories,195.73,2
2015-10-05,Furniture,Bookcases,349.96,1
2015-10-05,Furniture,Chairs,256.78,1
2015-10-05,Office Supplies,Art,22.32,1
2015-10-05,Office Supplies,Envelopes,158.13,1
2015-10-05,Office Supplies,Paper,39.96,1
2015-10-05,Office Supplies,Supplies,41.04,1
2015-10-05,Technology,Phones,1475.6,2
2016-10-05,Office Supplies,Appliances,70.97,1
2016-10-05,Office Supplies,Art,36.78,1
2016-10-05,Technology,Accessories,46.69,1
2017-10-05,Office Supplies,Envelopes,7.07,1
2017-10-05,Office Supplies,Paper,11.96,1
2017-10-05,Technology,Phones,743.99,1
2015-10-06,Office Supplies,Labels,491.55,1
2017-10-06,Furniture,Tables,1335.68,1
2017-10-06,Office Supplies,Labels,44.32,2
2017-10-06,Office Supplies,Paper,32.4,1
2018-10-06,Furniture,Bookcases,514.16,1
2018-10-06,Office Supplies,Art,39.5,3
2018-10-06,Office Supplies,Fasteners,14.13,1
2018-10-06,Office Supplies,Labels,41.16,2
2018-10-06,Office Supplies,Paper,40.03,1
2018-10-06,Office Supplies,Storage,1363.1,2
2018-10-06,Technology,Accessories,132.52,1
2018-10-06,Technology,Phones,368.74,2
2016-10-07,Office Supplies,Binders,43.29,2
2017-10-07,Office Supplies,Art,154.24,1
2017-10-07,Office Supplies,Binders,44.86,1
2017-10-07,Office Supplies,Storage,354.81,2
2017-10-07,Technology,Machines,341.99,1
2018-10-07,Furniture,Furnishings,18.84,1
2018-10-07,Office Supplies,Appliances,41.91,1
2018-10-07,Office Supplies,Storage,298.46,1
2016-10-08,Office Supplies,Appliances,133.47,1
2016-10-08,Office Supplies,Art,29.79,1
2016-10-08,Office Supplies,Binders,64.75,1
2016-10-08,Office Supplies,Labels,45.15,2
2016-10-08,Technology,Phones,578.31,2
2018-10-08,Furniture,Furnishings,121.3,1
2018-10-08,Office Supplies,Envelopes,70.08,1
2018-10-08,Office Supplies,Paper,177.2,1
2018-10-08,Technology,Phones,1454.49,1
2015-10-09,Furniture,Chairs,1487.04,1
2015-10-09,Furniture,Furnishings,254.9,1
2015-10-09,Office Supplies,Appliances,81.92,1
2015-10-09,Office Supplies,Binders,9.64,1
2015-10-09,Office Supplies,Envelopes,21.73,1
2016-10-09,Furniture,Bookcases,361.96,1
2016-10-09,Furniture,Chairs,179.89,1
2016-10-09,Furniture,Furnishings,106.68,1
2016-10-09,Office Supplies,Appliances,61.96,1
2016-10-09,Office Supplies,Art,6.08,1
2016-10-09,Office Supplies,Paper,293.76,2
2016-10-09,Office Supplies,Storage,353.88,1
2016-10-09,Office Supplies,Supplies,51.52,1
2017-10-09,Furniture,Tables,300.93,1
2017-10-09,Office Supplies,Art,67.56,1
2017-10-09,Office Supplies,Binders,330.66,3
2017-10-09,Office Supplies,Labels,7.38,1
2017-10-09,Office Supplies,Paper,88.67,2
2017-10-09,Office Supplies,Storage,59.48,1
2017-10-09,Technology,Phones,1239.64,2
2018-10-09,Furniture,Chairs,362.35,1
2018-10-09,Office Supplies,Appliances,58.17,2
2018-10-09,Office Supplies,Art,14.88,1
2018-10-09,Office Supplies,Binders,802.47,5
2018-10-09,Office Supplies,Paper,128.72,3
2018-10-09,Office Supplies,Storage,286.29,1
2018-10-09,Technology,Accessories,446.71,3
2018-10-09,Technology,Phones,407.06,2
2015-10-10,Furniture,Chairs,122.35,1
2015-10-10,Furniture,Furnishings,46.87,1
2015-10-10,Office Supplies,Art,255.85,1
2015-10-10,Office Supplies,Binders,31.14,3
2015-10-10,Office Supplies,Envelopes,15.28,1
2015-10-10,Technology,Machines,101.99,1
2015-10-10,Technology,Phones,1475.9,2
2016-10-10,Office Supplies,Art,8.02,1
2016-10-10,Office Supplies,Paper,45.36,1
2016-10-10,Office Supplies,Storage,1801.63,1
2017-10-10,Furniture,Bookcases,90.88,1
2017-10-10,Furniture,Chairs,120.78,1
2017-10-10,Office Supplies,Binders,4.09,1
2017-10-10,Office Supplies,Supplies,20.61,1
2017-10-10,Technology,Phones,15.99,1
2018-10-10,Furniture,Chairs,239.36,1
2015-10-11,Furniture,Chairs,563.94,1
2015-10-11,Furniture,Furnishings,93.08,2
2015-10-11,Office Supplies,Art,3.9,1
2015-10-11,Office Supplies,Labels,39.84,1
2015-10-11,Office Supplies,Paper,90.92,3
2015-10-11,Office Supplies,Storage,598.35,2
2015-10-11,Technology,Accessories,10.99,1
2015-10-11,Technology,Phones,601.54,1
2016-10-11,Furniture,Furnishings,29.22,1
2016-10-11,Office Supplies,Appliances,715.64,1
2016-10-11,Office Supplies,Binders,74.76,1
2016-10-11,Office Supplies,Storage,2087.39,3
2016-10-11,Technology,Accessories,79.9,1
2016-10-11,Technology,Copiers,549.99,1
2017-10-11,Furniture,Bookcases,341.96,1
2017-10-11,Furniture,Furnishings,663.03,4
2017-10-11,Office Supplies,Appliances,464.8,2
2017-10-11,Office Supplies,Art,56.56,2
2017-10-11,Office Supplies,Binders,314.11,8
2017-10-11,Office Supplies,Labels,9.22,1
2017-10-11,Office Supplies,Paper,309.05,7
2017-10-11,Office Supplies,Storage,945.3,4
2017-10-11,Office Supplies,Supplies,14.72,1
2017-10-11,Technology,Accessories,458.86,2
2017-10-11,Technology,Phones,1145.87,3
2018-10-11,Furniture,Chairs,1140.56,2
2018-10-11,Furniture,Furnishings,341.96,1
2018-10-11,Office Supplies,Appliances,400.8,1
2018-10-11,Office Supplies,Art,7.8,1
2018-10-11,Office Supplies,Binders,1036.23,5
2018-10-11,Technology,Accessories,351.74,2
2018-10-11,Technology,Machines,95.99,1
2018-10-11,Technology,Phones,632.46,2
2015-10-12,Furniture,Chairs,338.35,1
2015-10-12,Office Supplies,Binders,106.34,1
2015-10-12,Office Supplies,Paper,128.64,3
2016-10-12,Furniture,Chairs,734.9,2
2016-10-12,Furniture,Tables,801.96,1
2016-10-12,Office Supplies,Appliances,53.09,1
2016-10-12,Office Supplies,Art,89.34,4
2016-10-12,Office Supplies,Labels,15.68,3
2016-10-12,Office Supplies,Paper,323.01,5
2016-10-12,Technology,Accessories,127.43,2
2016-10-12,Technology,Copiers,799.98,1
2016-10-12,Technology,Phones,134.99,1
2017-10-12,Furniture,Chairs,1746.47,2
2017-10-12,Office Supplies,Appliances,100.44,2
2017-10-12,Office Supplies,Binders,833.51,2
2017-10-12,Office Supplies,Envelopes,361.92,1
2017-10-12,Office Supplies,Paper,285.56,4
2017-10-12,Office Supplies,Storage,80.58,1
2017-10-12,Technology,Accessories,44.75,1
2018-10-12,Furniture,Furnishings,432.66,4
2018-10-12,Furniture,Tables,1669.6,1
2018-10-12,Office Supplies,Appliances,426.79,1
2018-10-12,Office Supplies,Art,18.24,1
2018-10-12,Office Supplies,Binders,169.12,5
2018-10-12,Office Supplies,Envelopes,10.86,1
2018-10-12,Office Supplies,Paper,23.33,2
2018-10-12,Office Supplies,Storage,324.9,1
2018-10-12,Technology,Accessories,663.25,3
2018-10-12,Technology,Phones,134.81,2
2015-11-01,Furniture,Furnishings,9.94,1
2017-11-01,Furniture,Furnishings,54.99,1
2017-11-01,Office Supplies,Paper,78.86,2
2017-11-01,Technology,Phones,15.59,1
2015-11-02,Furniture,Chairs,60.89,1
2015-11-02,Furniture,Furnishings,332.94,1
2015-11-02,Furniture,Tables,1256.22,1
2015-11-02,Office Supplies,Binders,79.0,3
2015-11-02,Office Supplies,Labels,14.94,1
2015-11-02,Office Supplies,Storage,64.96,1
2015-11-02,Technology,Accessories,234.45,1
2017-11-02,Technology,Phones,69.93,1
2018-11-02,Furniture,Chairs,963.14,1
2018-11-02,Furniture,Furnishings,147.57,1
2018-11-02,Office Supplies,Binders,21.34,1
2018-11-02,Office Supplies,Labels,20.7,1
2018-11-02,Technology,Phones,88.78,1
2015-11-03,Furniture,Furnishings,8.32,1
2015-11-03,Office Supplies,Appliances,146.76,1
2015-11-03,Office Supplies,Art,7.98,1
2015-11-03,Office Supplies,Fasteners,10.46,1
2015-11-03,Office Supplies,Paper,123.86,2
2015-11-03,Technology,Accessories,32.96,1
2015-11-03,Technology,Phones,587.97,1
2017-11-03,Furniture,Furnishings,107.26,2
2017-11-03,Furniture,Tables,244.01,1
2017-11-03,Office Supplies,Binders,17.46,1
2017-11-03,Office Supplies,Storage,481.32,1
2017-11-03,Technology,Accessories,45.98,1
2018-11-03,Furniture,Furnishings,26.72,1
2018-11-03,Furniture,Tables,154.76,1
2018-11-03,Office Supplies,Binders,908.21,2
2018-11-03,Office Supplies,Storage,43.28,1
2018-11-03,Technology,Accessories,63.88,1
2018-11-03,Technology,Phones,776.85,1
2015-11-04,Office Supplies,Binders,9.58,1
2015-11-04,Office Supplies,Fasteners,6.91,1
2015-11-04,Office Supplies,Paper,10.37,1
2015-11-04,Office Supplies,Storage,87.08,1
2015-11-04,Technology,Accessories,937.36,3
2015-11-04,Technology,Phones,863.94,2
2016-11-04,Furniture,Furnishings,121.89,2
2016-11-04,Office Supplies,Appliances,406.6,1
2016-11-04,Office Supplies,Paper,52.76,1
2016-11-04,Technology,Accessories,85.14,1
2016-11-04,Technology,Copiers,639.97,1
2016-11-04,Technology,Phones,21.99,1
2018-11-04,Office Supplies,Art,64.6,3
2018-11-04,Office Supplies,Binders,11.36,1
2018-11-04,Office Supplies,Storage,16.77,1
2018-11-04,Technology,Accessories,227.07,2
2015-11-05,Furniture,Chairs,1212.96,1
2015-11-05,Furniture,Furnishings,66.11,1
2015-11-05,Office Supplies,Appliances,35.91,1
2015-11-05,Office Supplies,Binders,104.58,1
2015-11-05,Office Supplies,Paper,17.47,1
2015-11-05,Technology,Accessories,104.98,2
2015-11-05,Technology,Phones,100.79,1
2016-11-05,Furniture,Chairs,191.97,1
2017-11-05,Office Supplies,Paper,5.98,1
2018-11-05,Furniture,Bookcases,209.98,1
2018-11-05,Furniture,Furnishings,8.0,1
2018-11-05,Office Supplies,Art,49.17,2
2018-11-05,Office Supplies,Binders,26.03,1
2018-11-05,Office Supplies,Labels,37.59,1
2018-11-05,Office Supplies,Paper,44.29,2
2018-11-05,Office Supplies,Storage,74.42,1
2016-11-06,Furniture,Chairs,1123.92,1
2016-11-06,Furniture,Furnishings,77.83,2
2016-11-06,Office Supplies,Art,117.07,2
2016-11-06,Office Supplies,Binders,118.63,3
2016-11-06,Office Supplies,Paper,32.4,1
2016-11-06,Office Supplies,Storage,1600.43,2
2016-11-06,Technology,Accessories,53.7,1
2016-11-06,Technology,Phones,249.58,1
2017-11-06,Furniture,Furnishings,12.54,1
2017-11-06,Furniture,Tables,902.71,1
2017-11-06,Office Supplies,Binders,63.6,3
2017-11-06,Office Supplies,Labels,14.62,1
2017-11-06,Technology,Accessories,629.94,2
2018-11-06,Furniture,Bookcases,174.42,1
2018-11-06,Furniture,Chairs,280.79,1
2018-11-06,Office Supplies,Appliances,61.44,1
2018-11-06,Office Supplies,Art,107.67,3
2018-11-06,Office Supplies,Binders,22.86,2
2018-11-06,Office Supplies,Paper,160.91,2
2018-11-06,Office Supplies,Storage,387.0,3
2018-11-06,Technology,Machines,385.8,1
2015-11-07,Furniture,Chairs,854.94,1
2015-11-07,Furniture,Furnishings,124.11,1
2015-11-07,Office Supplies,Binders,18.28,1
2015-11-07,Office Supplies,Labels,14.4,1
2015-11-07,Office Supplies,Paper,236.69,3
2015-11-07,Technology,Phones,773.94,2
2016-11-07,Furniture,Chairs,341.49,1
2016-11-07,Furniture,Furnishings,315.14,2
2016-11-07,Furniture,Tables,199.84,1
2016-11-07,Office Supplies,Art,11.12,1
2016-11-07,Office Supplies,Binders,328.39,4
2016-11-07,Office Supplies,Paper,29.97,1
2016-11-07,Technology,Phones,716.0,1
2018-11-07,Office Supplies,Appliances,168.1,1
2018-11-07,Office Supplies,Art,30.32,1
2018-11-07,Office Supplies,Binders,29.8,1
2018-11-07,Office Supplies,Labels,8.67,1
2018-11-07,Technology,Accessories,1420.05,2
2018-11-07,Technology,Phones,71.95,1
2015-11-08,Furniture,Furnishings,12.35,1
2015-11-08,Office Supplies,Art,40.97,1
2015-11-08,Office Supplies,Fasteners,22.96,1
2015-11-08,Office Supplies,Storage,375.34,1
2016-11-08,Furniture,Furnishings,46.15,1
2016-11-08,Office Supplies,Art,11.96,1
2016-11-08,Technology,Phones,138.0,1
2017-11-08,Office Supplies,Binders,119.42,2
2017-11-08,Office Supplies,Paper,32.4,1
2018-11-08,Office Supplies,Art,9.18,1
2018-11-08,Office Supplies,Binders,490.37,2
2018-11-08,Office Supplies,Paper,55.58,2
2018-11-08,Technology,Phones,153.58,1
2015-11-09,Furniture,Furnishings,127.95,1
2016-11-09,Furniture,Furnishings,244.24,3
2016-11-09,Office Supplies,Appliances,111.04,1
2016-11-09,Office Supplies,Art,447.21,2
2016-11-09,Office Supplies,Binders,209.6,1
2016-11-09,Office Supplies,Labels,39.69,2
2016-11-09,Office Supplies,Paper,38.88,1
2016-11-09,Office Supplies,Storage,851.48,2
2016-11-09,Technology,Accessories,19.99,1
2017-11-09,Office Supplies,Art,2.91,1
2017-11-09,Office Supplies,Binders,64.21,3
2017-11-09,Office Supplies,Envelopes,11.09,1
2017-11-09,Office Supplies,Labels,6.0,1
2017-11-09,Office Supplies,Paper,46.36,4
2017-11-09,Office Supplies,Storage,370.46,2
2017-11-09,Technology,Accessories,3347.37,1
2017-11-09,Technology,Copiers,1599.92,1
2017-11-09,Technology,Phones,953.7,2
2018-11-09,Furniture,Chairs,2231.84,2
2018-11-09,Furniture,Furnishings,66.86,2
2018-11-09,Furniture,Tables,512.19,1
2018-11-09,Office Supplies,Appliances,671.74,4
2018-11-09,Office Supplies,Binders,1471.96,1
2018-11-09,Office Supplies,Envelopes,22.18,1
2018-11-09,Office Supplies,Fasteners,24.73,2
2018-11-09,Office Supplies,Paper,338.6,7
2018-11-09,Technology,Phones,223.91,2
2015-11-10,Furniture,Chairs,433.57,1
2015-11-10,Furniture,Furnishings,72.39,2
2015-11-10,Office Supplies,Envelopes,209.07,2
2015-11-10,Office Supplies,Labels,7.31,1
2015-11-10,Office Supplies,Storage,313.82,2
2015-11-10,Technology,Accessories,345.0,1
2016-11-10,Furniture,Tables,957.58,1
2016-11-10,Office Supplies,Storage,22.37,1
2016-11-10,Technology,Accessories,31.95,1
2017-11-10,Office Supplies,Art,33.06,2
2015-11-11,Furniture,Bookcases,521.96,1
2015-11-11,Furniture,Chairs,1514.51,3
2015-11-11,Furniture,Furnishings,34.95,2
2015-11-11,Office Supplies,Appliances,30.76,2
2015-11-11,Office Supplies,Art,101.43,3
2015-11-11,Office Supplies,Binders,2931.81,3
2015-11-11,Office Supplies,Paper,407.98,3
2015-11-11,Office Supplies,Storage,665.88,1
2015-11-11,Technology,Accessories,102.13,1
2015-11-11,Technology,Phones,1525.57,4
2016-11-11,Office Supplies,Appliances,123.86,1
2016-11-11,Office Supplies,Storage,418.32,1
2017-11-11,Furniture,Chairs,744.79,3
2017-11-11,Furniture,Furnishings,48.92,2
2017-11-11,Furniture,Tables,2678.94,1
2017-11-11,Office Supplies,Appliances,671.54,1
2017-11-11,Office Supplies,Art,107.05,2
2017-11-11,Office Supplies,Binders,131.63,4
2017-11-11,Office Supplies,Storage,111.5,2
2017-11-11,Technology,Accessories,191.94,3
2017-11-11,Technology,Phones,257.98,1
2018-11-11,Furniture,Furnishings,123.84,2
2018-11-11,Office Supplies,Appliances,1169.01,2
2018-11-11,Office Supplies,Art,181.86,1
2018-11-11,Office Supplies,Binders,158.18,3
2018-11-11,Office Supplies,Fasteners,45.92,1
2018-11-11,Office Supplies,Labels,10.44,1
2018-11-11,Office Supplies,Paper,29.81,2
2018-11-11,Office Supplies,Storage,35.48,1
2018-11-11,Office Supplies,Supplies,25.5,1
2018-11-11,Technology,Phones,35.18,1
2016-11-12,Furniture,Bookcases,69.58,1
2016-11-12,Furniture,Furnishings,107.34,2
2016-11-12,Furniture,Tables,364.95,1
2016-11-12,Office Supplies,Art,17.34,2
2016-11-12,Office Supplies,Binders,156.69,4
2016-11-12,Office Supplies,Labels,196.62,1
2016-11-12,Office Supplies,Paper,112.75,2
2016-11-12,Office Supplies,Storage,46.34,1
2016-11-12,Technology,Accessories,393.29,3
2016-11-12,Technology,Phones,125.99,1
2017-11-12,Furniture,Chairs,1226.27,3
2017-11-12,Furniture,Furnishings,14.8,1
2017-11-12,Furniture,Tables,1220.73,2
2017-11-12,Office Supplies,Appliances,544.09,3
2017-11-12,Office Supplies,Art,29.99,2
2017-11-12,Office Supplies,Binders,373.97,4
2017-11-12,Office Supplies,Fasteners,15.26,1
2017-11-12,Office Supplies,Paper,30.98,1
2017-11-12,Office Supplies,Storage,443.79,4
2017-11-12,Office Supplies,Supplies,13.52,1
2017-11-12,Technology,Accessories,555.76,3
2017-11-12,Technology,Phones,1633.09,3
2018-11-12,Furniture,Chairs,648.93,3
2018-11-12,Furniture,Furnishings,77.72,1
2018-11-12,Furniture,Tables,721.88,1
2018-11-12,Office Supplies,Appliances,1.39,1
2018-11-12,Office Supplies,Art,13.58,1
2018-11-12,Office Supplies,Binders,43.71,3
2018-11-12,Office Supplies,Envelopes,7.28,1
2018-11-12,Office Supplies,Fasteners,6.54,1
2018-11-12,Office Supplies,Paper,28.31,2
2018-11-12,Technology,Accessories,156.29,2
2018-11-12,Technology,Phones,319.4,3
2016-12-01,Office Supplies,Art,10.37,1
2016-12-01,Office Supplies,Storage,465.18,1
2016-12-01,Technology,Accessories,10.38,1
2016-12-01,Technology,Phones,261.56,2
2018-12-01,Furniture,Furnishings,37.68,1
2018-12-01,Office Supplies,Binders,760.98,1
2018-12-01,Office Supplies,Envelopes,9.78,1
2018-12-01,Office Supplies,Paper,40.08,1
2015-12-02,Furniture,Chairs,129.57,1
2017-12-02,Office Supplies,Binders,15.92,1
2017-12-02,Office Supplies,Storage,1350.12,1
2016-12-03,Furniture,Furnishings,37.29,2
2016-12-03,Office Supplies,Envelopes,8.69,1
2016-12-03,Office Supplies,Labels,5.04,1
2017-12-03,Furniture,Chairs,770.35,1
2017-12-03,Office Supplies,Appliances,154.9,1
2017-12-03,Office Supplies,Envelopes,59.9,2
2017-12-03,Office Supplies,Paper,32.94,2
2017-12-03,Office Supplies,Storage,676.55,1
2018-12-03,Office Supplies,Binders,40.41,1
2018-12-03,Office Supplies,Storage,242.94,1
2018-12-03,Technology,Phones,69.93,1
2015-12-04,Furniture,Bookcases,308.5,1
2015-12-04,Office Supplies,Binders,18.09,1
2015-12-04,Office Supplies,Paper,32.4,1
2015-12-04,Technology,Phones,1513.46,2
2017-12-04,Furniture,Chairs,832.64,2
2017-12-04,Furniture,Tables,343.92,1
2017-12-04,Office Supplies,Binders,49.83,2
2017-12-04,Office Supplies,Envelopes,63.9,1
2017-12-04,Office Supplies,Paper,70.7,3
2017-12-04,Office Supplies,Storage,181.54,2
2018-12-04,Office Supplies,Binders,29.7,1
2018-12-04,Office Supplies,Paper,39.96,1
2015-12-05,Furniture,Furnishings,34.79,1
2015-12-05,Furniture,Tables,700.06,1
2016-12-05,Furniture,Furnishings,21.97,1
2016-12-05,Office Supplies,Binders,14.59,1
2016-12-05,Office Supplies,Paper,166.42,3
2016-12-05,Office Supplies,Storage,36.63,1
2016-12-05,Technology,Phones,820.74,2
2017-12-05,Furniture,Furnishings,10.02,1
2017-12-05,Office Supplies,Appliances,8.67,1
2017-12-05,Office Supplies,Art,10.96,1
2017-12-05,Office Supplies,Envelopes,54.9,1
2017-12-05,Office Supplies,Storage,82.37,1
2017-12-05,Technology,Accessories,120.0,1
2017-12-05,Technology,Phones,631.96,1
2018-12-05,Furniture,Furnishings,42.85,1
2018-12-05,Furniture,Tables,285.48,1
2018-12-05,Office Supplies,Appliances,7.77,1
2018-12-05,Office Supplies,Art,10.27,1
2018-12-05,Office Supplies,Binders,53.41,2
2018-12-05,Office Supplies,Labels,12.06,2
2018-12-05,Office Supplies,Paper,87.6,1
2018-12-05,Office Supplies,Storage,127.92,1
2018-12-05,Office Supplies,Supplies,255.62,2
2018-12-05,Technology,Accessories,87.4,1
2016-12-06,Furniture,Furnishings,43.3,1
2016-12-06,Office Supplies,Paper,20.74,1
2016-12-06,Office Supplies,Storage,54.46,2
2016-12-06,Technology,Phones,55.98,1
2017-12-06,Furniture,Chairs,379.37,1
2017-12-06,Furniture,Furnishings,54.02,2
2017-12-06,Office Supplies,Appliances,325.1,3
2017-12-06,Office Supplies,Art,11.26,1
2017-12-06,Office Supplies,Binders,49.1,3
2017-12-06,Office Supplies,Envelopes,115.02,1
2017-12-06,Office Supplies,Labels,14.62,1
2017-12-06,Office Supplies,Paper,643.94,6
2017-12-06,Office Supplies,Storage,294.1,2
2017-12-06,Technology,Machines,1007.98,1
2017-12-06,Technology,Phones,68.04,1
2018-12-06,Furniture,Chairs,858.24,1
2018-12-06,Furniture,Furnishings,25.94,2
2018-12-06,Furniture,Tables,452.94,1
2018-12-06,Office Supplies,Art,64.14,1
2018-12-06,Office Supplies,Binders,104.33,2
2018-12-06,Office Supplies,Paper,38.48,2
2018-12-06,Technology,Accessories,63.92,1
2018-12-06,Technology,Phones,71.98,1
2015-12-07,Furniture,Chairs,635.49,2
2015-12-07,Furniture,Tables,698.35,1
2015-12-07,Office Supplies,Art,22.29,1
2015-12-07,Office Supplies,Binders,18.98,2
2015-12-07,Office Supplies,Fasteners,3.49,1
2015-12-07,Office Supplies,Paper,51.89,2
2015-12-07,Office Supplies,Storage,249.75,1
2015-12-07,Technology,Accessories,23.84,1
2015-12-07,Technology,Phones,255.94,1
2016-12-07,Furniture,Chairs,383.61,1
2016-12-07,Furniture,Furnishings,7.76,1
2016-12-07,Office Supplies,Art,6.91,1
2016-12-07,Office Supplies,Binders,1.93,1
2016-12-07,Technology,Phones,1652.36,4
2017-12-07,Technology,Phones,95.76,1
2018-12-07,Office Supplies,Paper,3.82,1
2015-12-08,Furniture,Furnishings,85.44,1
2015-12-08,Office Supplies,Appliances,211.25,1
2015-12-08,Office Supplies,Art,47.96,1
2015-12-08,Office Supplies,Binders,196.21,1
2015-12-08,Office Supplies,Labels,2.95,1
2015-12-08,Office Supplies,Paper,31.1,1
2015-12-08,Office Supplies,Supplies,5.55,1
2015-12-08,Technology,Accessories,158.93,1
2015-12-08,Technology,Phones,806.34,1
2017-12-08,Furniture,Chairs,145.76,1
2017-12-08,Furniture,Tables,771.44,2
2017-12-08,Office Supplies,Art,37.31,1
2017-12-08,Office Supplies,Paper,6.48,1
2017-12-08,Office Supplies,Storage,1591.02,1
2017-12-08,Technology,Accessories,1399.94,1
2018-12-08,Furniture,Chairs,1779.9,1
2018-12-08,Furniture,Furnishings,54.92,1
2018-12-08,Office Supplies,Appliances,542.94,1
2018-12-08,Office Supplies,Art,237.42,2
2018-12-08,Office Supplies,Binders,100.7,1
2018-12-08,Office Supplies,Paper,212.9,2
2018-12-08,Office Supplies,Storage,46.74,1
2018-12-08,Technology,Accessories,174.95,1
2018-12-08,Technology,Copiers,299.99,1
2018-12-08,Technology,Phones,242.62,1
2015-12-09,Furniture,Chairs,3785.29,1
2015-12-09,Furniture,Furnishings,40.56,1
2015-12-09,Office Supplies,Appliances,166.84,1
2015-12-09,Office Supplies,Binders,401.06,3
2015-12-09,Office Supplies,Paper,10.37,1
2015-12-09,Office Supplies,Supplies,357.93,1
2015-12-09,Technology,Accessories,72.62,2
2015-12-09,Technology,Machines,69.99,1
2016-12-09,Office Supplies,Art,9.26,1
2016-12-09,Office Supplies,Envelopes,27.18,1
2016-12-09,Office Supplies,Fasteners,1.24,1
2016-12-09,Office Supplies,Labels,33.3,2
2016-12-09,Office Supplies,Paper,28.9,1
2016-12-09,Office Supplies,Storage,105.98,1
2016-12-09,Technology,Accessories,21.98,1
2016-12-09,Technology,Copiers,479.98,1
2017-12-09,Furniture,Chairs,1609.02,3
2017-12-09,Furniture,Furnishings,70.85,3
2017-12-09,Office Supplies,Binders,20.7,1
2017-12-09,Office Supplies,Fasteners,21.81,2
2017-12-09,Office Supplies,Labels,17.33,2
2017-12-09,Office Supplies,Paper,68.52,1
2017-12-09,Office Supplies,Storage,67.9,1
2017-12-09,Technology,Accessories,20.7,1
2017-12-09,Technology,Phones,146.95,1
2018-12-09,Furniture,Furnishings,8.36,1
2018-12-09,Office Supplies,Appliances,90.86,1
2018-12-09,Office Supplies,Binders,45.78,1
2018-12-09,Office Supplies,Paper,346.55,4
2015-12-10,Office Supplies,Art,14.9,1
2015-12-10,Office Supplies,Storage,21.39,1
2015-12-10,Office Supplies,Supplies,22.24,1
2016-12-10,Furniture,Bookcases,1525.49,2
2016-12-10,Furniture,Tables,209.67,1
2016-12-10,Office Supplies,Art,19.9,1
2016-12-10,Office Supplies,Binders,12.56,1
2016-12-10,Office Supplies,Paper,51.84,1
2016-12-10,Office Supplies,Storage,81.96,1
2016-12-10,Technology,Accessories,17.9,1
2016-12-10,Technology,Phones,471.44,3
2018-12-10,Furniture,Bookcases,2154.9,1
2018-12-10,Furniture,Chairs,254.6,1
2018-12-10,Furniture,Furnishings,40.48,1
2018-12-10,Furniture,Tables,673.34,1
2018-12-10,Office Supplies,Art,5.88,1
2018-12-10,Office Supplies,Binders,181.71,2
2018-12-10,Office Supplies,Fasteners,17.9,1
2018-12-10,Office Supplies,Paper,18.34,2
2018-12-10,Technology,Accessories,1908.69,6
2018-12-10,Technology,Phones,369.54,1
2015-12-11,Furniture,Bookcases,67.99,1
2015-12-11,Furniture,Tables,629.06,1
2015-12-11,Office Supplies,Art,10.54,2
2015-12-11,Office Supplies,Paper,48.25,2
2015-12-11,Office Supplies,Storage,49.63,1
2015-12-11,Office Supplies,Supplies,16.66,1
2015-12-11,Technology,Accessories,79.51,1
2016-12-11,Furniture,Chairs,670.06,2
2016-12-11,Office Supplies,Art,11.76,1
2016-12-11,Office Supplies,Binders,9.9,2
2016-12-11,Office Supplies,Envelopes,239.45,2
2016-12-11,Office Supplies,Paper,31.25,2
2016-12-11,Office Supplies,Storage,64.78,1
2016-12-11,Technology,Phones,100.79,1
2017-12-11,Furniture,Chairs,3461.25,3
2017-12-11,Furniture,Furnishings,22.75,1
2017-12-11,Furniture,Tables,674.35,1
2017-12-11,Office Supplies,Appliances,147.78,2
2017-12-11,Office Supplies,Art,20.58,1
2017-12-11,Office Supplies,Binders,28.02,3
2017-12-11,Office Supplies,Envelopes,287.52,1
2017-12-11,Office Supplies,Fasteners,16.75,1
2017-12-11,Office Supplies,Paper,19.98,1
2017-12-11,Technology,Accessories,31.98,1
2017-12-11,Technology,Phones,203.98,1
2018-12-11,Furniture,Chairs,113.89,1
2018-12-11,Furniture,Furnishings,136.42,2
2018-12-11,Office Supplies,Appliances,76.12,1
2018-12-11,Office Supplies,Art,9.21,1
2018-12-11,Office Supplies,Binders,60.5,3
2018-12-11,Office Supplies,Envelopes,12.22,1
2018-12-11,Office Supplies,Fasteners,18.24,1
2018-12-11,Office Supplies,Labels,9.96,1
2018-12-11,Office Supplies,Paper,321.92,7
2018-12-11,Office Supplies,Storage,839.02,3
2018-12-11,Office Supplies,Supplies,27.93,1
2018-12-11,Technology,Accessories,167.28,4
2018-12-11,Technology,Phones,1118.68,4
2015-12-12,Furniture,Bookcases,254.97,1
2015-12-12,Furniture,Furnishings,65.09,3
2015-12-12,Furniture,Tables,4375.54,2
2015-12-12,Office Supplies,Binders,210.39,1
2015-12-12,Office Supplies,Envelopes,23.47,1
2015-12-12,Office Supplies,Storage,8.94,1
2016-12-12,Furniture,Chairs,348.93,1
2016-12-12,Furniture,Furnishings,166.5,1
2016-12-12,Office Supplies,Art,10.43,2
2016-12-12,Office Supplies,Binders,24.45,1
2016-12-12,Office Supplies,Envelopes,15.52,1
2016-12-12,Office Supplies,Fasteners,7.86,1
2016-12-12,Office Supplies,Paper,166.72,3
2016-12-12,Office Supplies,Storage,360.38,1
2016-12-12,Office Supplies,Supplies,25.76,1
2016-12-12,Technology,Accessories,322.31,2
2017-12-12,Furniture,Furnishings,417.12,2
2017-12-12,Office Supplies,Appliances,56.52,1
2017-12-12,Office Supplies,Art,13.9,1
2017-12-12,Office Supplies,Binders,18.69,1
2017-12-12,Office Supplies,Paper,49.12,1
2017-12-12,Office Supplies,Storage,26.86,1
2017-12-12,Technology,Accessories,633.9,2
2017-12-12,Technology,Phones,657.93,1
2015-01-13,Furniture,Bookcases,334.0,1
2015-01-13,Furniture,Chairs,545.94,1
2015-01-13,Office Supplies,Art,19.9,1
2015-01-13,Office Supplies,Binders,9.08,2
2015-01-13,Office Supplies,Envelopes,62.3,2
2015-01-13,Office Supplies,Paper,37.41,1
2015-01-13,Office Supplies,Storage,1898.43,2
2015-01-13,Technology,Accessories,646.74,1
2016-01-13,Furniture,Furnishings,542.45,2
2016-01-13,Office Supplies,Binders,70.01,1
2016-01-13,Office Supplies,Labels,9.82,1
2018-01-13,Furniture,Bookcases,212.94,1
2018-01-13,Office Supplies,Art,209.94,1
2018-01-13,Office Supplies,Paper,32.4,1
2018-01-13,Office Supplies,Supplies,4164.05,1
2017-02-13,Office Supplies,Paper,146.82,1
2018-02-13,Furniture,Furnishings,107.53,1
2018-02-13,Office Supplies,Appliances,90.64,1
2018-02-13,Office Supplies,Art,17.34,2
2018-02-13,Office Supplies,Paper,17.94,1
2018-02-13,Office Supplies,Supplies,25.02,1
2018-02-13,Technology,Accessories,799.96,1
2016-03-13,Furniture,Bookcases,141.96,1
2016-03-13,Furniture,Chairs,915.14,1
2016-03-13,Furniture,Furnishings,327.76,1
2017-03-13,Furniture,Chairs,386.68,1
2017-03-13,Furniture,Furnishings,156.16,2
2017-03-13,Furniture,Tables,557.59,1
2017-03-13,Office Supplies,Appliances,318.24,2
2017-03-13,Office Supplies,Binders,173.51,5
2017-03-13,Office Supplies,Paper,111.32,2
2017-03-13,Office Supplies,Storage,678.64,2
2017-03-13,Office Supplies,Supplies,4912.59,1
2017-03-13,Technology,Accessories,379.96,1
2017-03-13,Technology,Machines,449.1,1
2017-03-13,Technology,Phones,743.09,2
2018-03-13,Furniture,Chairs,89.77,1
2018-03-13,Office Supplies,Appliances,465.16,1
2018-03-13,Office Supplies,Art,49.22,2
2018-03-13,Office Supplies,Binders,205.18,2
2018-03-13,Office Supplies,Paper,690.82,5
2018-03-13,Office Supplies,Storage,90.8,1
2018-03-13,Office Supplies,Supplies,1332.5,1
2018-03-13,Technology,Accessories,214.95,1
2018-03-13,Technology,Copiers,959.98,1
2018-03-13,Technology,Machines,209.99,1
2018-03-13,Technology,Phones,482.99,4
2015-04-13,Office Supplies,Art,17.86,1
2015-04-13,Office Supplies,Binders,509.97,1
2015-04-13,Office Supplies,Fasteners,30.99,1
2015-04-13,Office Supplies,Labels,7.83,1
2015-04-13,Technology,Phones,71.93,1
2016-04-13,Furniture,Furnishings,37.68,1
2016-04-13,Furniture,Tables,1773.75,4
2016-04-13,Office Supplies,Appliances,75.84,1
2016-04-13,Office Supplies,Binders,17.43,1
2016-04-13,Office Supplies,Paper,85.92,2
2016-04-13,Office Supplies,Storage,10.74,1
2016-04-13,Office Supplies,Supplies,12.88,1
2016-04-13,Technology,Accessories,199.96,1
2016-04-13,Technology,Phones,978.47,3
2017-04-13,Office Supplies,Envelopes,6.12,1
2018-04-13,Furniture,Chairs,436.7,1
2018-04-13,Office Supplies,Binders,895.92,1
2018-04-13,Office Supplies,Fasteners,7.92,1
2018-04-13,Office Supplies,Paper,5.28,1
2015-05-13,Furniture,Chairs,279.46,1
2015-05-13,Office Supplies,Binders,398.35,1
2015-05-13,Office Supplies,Fasteners,7.1,1
2015-05-13,Office Supplies,Paper,8.0,1
2015-05-13,Office Supplies,Storage,55.5,1
2015-05-13,Technology,Accessories,149.97,1
2016-05-13,Office Supplies,Fasteners,16.0,1
2016-05-13,Technology,Phones,222.38,1
2018-05-13,Furniture,Chairs,458.43,1
2018-05-13,Office Supplies,Appliances,20.77,1
2018-05-13,Office Supplies,Binders,1214.49,2
2018-05-13,Office Supplies,Envelopes,180.96,1
2018-05-13,Office Supplies,Labels,58.48,1
2018-05-13,Office Supplies,Paper,14.94,1
2018-05-13,Office Supplies,Storage,530.34,1
2018-05-13,Technology,Phones,587.97,1
2015-06-13,Office Supplies,Art,14.52,1
2016-06-13,Office Supplies,Art,28.2,2
2016-06-13,Office Supplies,Binders,93.86,4
2016-06-13,Office Supplies,Paper,38.88,2
2016-06-13,Technology,Accessories,67.98,1
2016-06-13,Technology,Copiers,899.97,1
2017-06-13,Office Supplies,Binders,33.57,1
2017-06-13,Office Supplies,Labels,18.9,1
2017-06-13,Technology,Phones,377.97,1
2018-06-13,Furniture,Chairs,761.44,2
2018-06-13,Office Supplies,Art,181.86,1
2018-06-13,Office Supplies,Storage,164.74,1
2018-06-13,Technology,Phones,47.98,1
2015-07-13,Furniture,Tables,351.22,1
2016-07-13,Furniture,Chairs,1931.04,1
2016-07-13,Office Supplies,Binders,53.38,2
2016-07-13,Office Supplies,Paper,48.84,2
2018-07-13,Furniture,Furnishings,91.01,1
2018-07-13,Office Supplies,Paper,13.56,1
2018-07-13,Office Supplies,Storage,360.38,1
2018-07-13,Technology,Phones,39.59,1
2016-08-13,Furniture,Furnishings,31.56,1
2016-08-13,Office Supplies,Art,115.48,2
2016-08-13,Office Supplies,Binders,17.0,2
2016-08-13,Office Supplies,Storage,422.86,1
2017-08-13,Furniture,Bookcases,241.96,1
2017-08-13,Office Supplies,Appliances,76.26,2
2017-08-13,Office Supplies,Binders,42.07,3
2017-08-13,Office Supplies,Labels,103.6,1
2017-08-13,Office Supplies,Paper,10.27,1
2017-08-13,Office Supplies,Supplies,185.38,1
2017-08-13,Technology,Accessories,71.98,1
2018-08-13,Furniture,Chairs,423.65,1
2018-08-13,Furniture,Furnishings,31.98,1
2018-08-13,Office Supplies,Appliances,355.84,2
2018-08-13,Office Supplies,Art,59.52,1
2018-08-13,Office Supplies,Binders,1650.61,2
2018-08-13,Office Supplies,Envelopes,14.76,1
2018-08-13,Office Supplies,Fasteners,24.32,1
2018-08-13,Office Supplies,Labels,17.54,1
2018-08-13,Office Supplies,Storage,31.44,1
2018-08-13,Office Supplies,Supplies,31.92,1
2018-08-13,Technology,Accessories,1.58,1
2015-09-13,Furniture,Chairs,340.12,1
2015-09-13,Furniture,Furnishings,14.19,1
2015-09-13,Office Supplies,Appliances,22.66,1
2015-09-13,Office Supplies,Art,5.46,1
2015-09-13,Office Supplies,Binders,21.15,2
2015-09-13,Office Supplies,Fasteners,5.7,1
2015-09-13,Office Supplies,Paper,64.49,2
2015-09-13,Office Supplies,Storage,79.4,1
2015-09-13,Office Supplies,Supplies,7.3,1
2015-09-13,Technology,Accessories,714.94,4
2016-09-13,Furniture,Chairs,1686.27,2
2016-09-13,Furniture,Furnishings,129.93,1
2016-09-13,Office Supplies,Binders,15.5,2
2016-09-13,Office Supplies,Envelopes,7.82,1
2016-09-13,Office Supplies,Paper,69.93,1
2016-09-13,Technology,Accessories,199.96,1
2017-09-13,Furniture,Furnishings,1336.44,1
2017-09-13,Office Supplies,Appliances,378.0,1
2017-09-13,Office Supplies,Labels,14.4,1
2017-09-13,Office Supplies,Paper,35.25,2
2017-09-13,Office Supplies,Storage,413.82,2
2017-09-13,Office Supplies,Supplies,16.9,1
2017-09-13,Technology,Phones,179.92,2
2018-09-13,Office Supplies,Art,15.92,1
2015-10-13,Furniture,Chairs,245.98,1
2015-10-13,Furniture,Tables,1298.55,1
2015-10-13,Office Supplies,Appliances,213.92,1
2015-10-13,Office Supplies,Art,11.52,1
2015-10-13,Office Supplies,Binders,41.87,3
2015-10-13,Office Supplies,Envelopes,36.4,1
2015-10-13,Office Supplies,Storage,315.2,1
2015-10-13,Technology,Accessories,48.74,2
2016-10-13,Furniture,Chairs,287.94,1
2016-10-13,Technology,Phones,83.72,1
2017-10-13,Furniture,Furnishings,290.26,4
2017-10-13,Furniture,Tables,727.45,1
2017-10-13,Office Supplies,Art,62.09,3
2017-10-13,Office Supplies,Binders,82.46,2
2017-10-13,Office Supplies,Fasteners,4.02,1
2017-10-13,Office Supplies,Labels,24.9,1
2017-10-13,Office Supplies,Paper,101.71,4
2017-10-13,Office Supplies,Storage,99.87,1
2017-10-13,Office Supplies,Supplies,65.88,1
2017-10-13,Technology,Accessories,191.98,1
2018-10-13,Furniture,Furnishings,10.48,1
2018-10-13,Furniture,Tables,1504.52,1
2018-10-13,Office Supplies,Appliances,904.9,1
2018-10-13,Office Supplies,Binders,5180.74,2
2018-10-13,Office Supplies,Labels,35.91,2
2018-10-13,Office Supplies,Paper,119.06,4
2018-10-13,Office Supplies,Storage,408.27,2
2018-10-13,Technology,Accessories,209.94,1
2018-10-13,Technology,Phones,31.98,1
2016-11-13,Furniture,Bookcases,913.97,2
2016-11-13,Furniture,Furnishings,183.84,3
2016-11-13,Office Supplies,Binders,157.99,2
2016-11-13,Office Supplies,Paper,317.43,4
2016-11-13,Office Supplies,Storage,84.96,1
2016-11-13,Technology,Accessories,350.86,2
2016-11-13,Technology,Phones,858.88,4
2017-11-13,Furniture,Furnishings,54.08,3
2017-11-13,Office Supplies,Art,184.77,2
2017-11-13,Office Supplies,Binders,3.14,1
2017-11-13,Office Supplies,Labels,14.94,1
2017-11-13,Office Supplies,Paper,217.06,1
2017-11-13,Office Supplies,Storage,139.06,3
2017-11-13,Office Supplies,Supplies,52.14,1
2017-11-13,Technology,Phones,2279.96,1
2018-11-13,Furniture,Bookcases,206.0,1
2018-11-13,Furniture,Chairs,2404.7,1
2018-11-13,Furniture,Furnishings,154.95,1
2018-11-13,Office Supplies,Appliances,9.32,1
2018-11-13,Office Supplies,Art,2.06,1
2018-11-13,Office Supplies,Binders,574.24,2
2018-11-13,Office Supplies,Labels,8.64,1
2018-11-13,Office Supplies,Paper,8.9,1
2018-11-13,Office Supplies,Storage,1368.35,5
2018-11-13,Technology,Accessories,547.69,4
2018-11-13,Technology,Machines,653.0,1
2018-11-13,Technology,Phones,695.55,3
2015-12-13,Furniture,Furnishings,182.39,2
2015-12-13,Office Supplies,Binders,17.6,2
2015-12-13,Office Supplies,Paper,90.24,1
2015-12-13,Office Supplies,Supplies,2.92,1
2016-12-13,Office Supplies,Appliances,134.48,1
2016-12-13,Office Supplies,Binders,67.08,2
2016-12-13,Office Supplies,Labels,9.96,1
2016-12-13,Office Supplies,Paper,32.4,2
2016-12-13,Technology,Accessories,285.09,2
2016-12-13,Technology,Phones,494.38,1
2017-12-13,Furniture,Tables,1114.27,1
2017-12-13,Office Supplies,Art,9.84,1
2017-12-13,Office Supplies,Binders,6.1,1
2017-12-13,Technology,Accessories,63.88,1
2018-12-13,Furniture,Bookcases,287.98,1
2018-12-13,Furniture,Furnishings,201.04,1
2018-12-13,Office Supplies,Labels,8.64,1
2018-12-13,Office Supplies,Paper,51.84,2
2018-12-13,Office Supplies,Storage,31.44,1
2015-01-14,Furniture,Bookcases,61.96,1
2017-01-14,Furniture,Furnishings,315.78,1
2017-01-14,Office Supplies,Paper,89.57,1
2018-01-14,Office Supplies,Binders,8.48,2
2018-01-14,Office Supplies,Envelopes,40.08,2
2018-01-14,Office Supplies,Paper,191.19,2
2018-01-14,Office Supplies,Storage,168.62,1
2018-01-14,Technology,Accessories,169.06,1
2018-01-14,Technology,Phones,119.9,2
2015-02-14,Office Supplies,Appliances,81.96,1
2015-02-14,Office Supplies,Paper,16.18,1
2015-02-14,Office Supplies,Supplies,238.62,1
2015-02-14,Technology,Accessories,239.97,1
2016-02-14,Office Supplies,Art,14.35,1
2016-02-14,Office Supplies,Binders,43.66,3
2016-02-14,Technology,Accessories,71.98,1
2016-02-14,Technology,Phones,949.97,2
2017-02-14,Furniture,Furnishings,10.56,1
2017-02-14,Furniture,Tables,550.43,1
2017-02-14,Office Supplies,Art,272.16,2
2017-02-14,Office Supplies,Paper,4.77,1
2015-03-14,Furniture,Chairs,1139.92,1
2015-03-14,Office Supplies,Art,3.38,1
2015-03-14,Office Supplies,Binders,95.14,2
2015-03-14,Office Supplies,Paper,110.06,3
2015-03-14,Office Supplies,Storage,102.34,2
2015-03-14,Technology,Accessories,82.8,1
2015-03-14,Technology,Machines,574.91,1
2016-03-14,Office Supplies,Binders,671.94,1
2016-03-14,Office Supplies,Labels,16.52,1
2016-03-14,Office Supplies,Paper,19.44,1
2017-03-14,Furniture,Bookcases,241.33,1
2017-03-14,Furniture,Chairs,196.78,1
2017-03-14,Furniture,Furnishings,38.62,2
2017-03-14,Office Supplies,Art,145.54,1
2017-03-14,Office Supplies,Binders,41.9,1
2017-03-14,Office Supplies,Paper,5.18,1
2018-03-14,Technology,Phones,49.62,1
2016-04-14,Office Supplies,Appliances,35.21,1
2017-04-14,Furniture,Chairs,1317.34,2
2017-04-14,Office Supplies,Binders,25.06,1
2017-04-14,Office Supplies,Storage,124.18,2
2018-04-14,Furniture,Bookcases,440.62,2
2018-04-14,Furniture,Furnishings,74.45,1
2018-04-14,Office Supplies,Art,104.45,2
2018-04-14,Office Supplies,Binders,19.54,2
2018-04-14,Office Supplies,Paper,13.87,1
2015-05-14,Furniture,Furnishings,310.88,1
2016-05-14,Furniture,Bookcases,509.96,1
2016-05-14,Furniture,Chairs,819.92,2
2016-05-14,Furniture,Furnishings,122.91,1
2016-05-14,Office Supplies,Art,200.97,2
2016-05-14,Office Supplies,Binders,23.48,2
2016-05-14,Office Supplies,Envelopes,200.98,1
2016-05-14,Office Supplies,Labels,145.06,2
2016-05-14,Office Supplies,Storage,1117.92,1
2017-05-14,Furniture,Furnishings,109.58,2
2017-05-14,Office Supplies,Art,4.77,1
2017-05-14,Office Supplies,Binders,81.35,3
2017-05-14,Office Supplies,Paper,31.1,1
2017-05-14,Technology,Accessories,185.53,1
2017-05-14,Technology,Phones,43.6,1
2018-05-14,Furniture,Chairs,1161.39,2
2018-05-14,Furniture,Furnishings,18.28,1
2018-05-14,Office Supplies,Art,101.86,4
2018-05-14,Office Supplies,Binders,58.17,1
2018-05-14,Office Supplies,Envelopes,48.69,1
2018-05-14,Office Supplies,Labels,79.04,2
2018-05-14,Office Supplies,Paper,589.79,4
2018-05-14,Office Supplies,Storage,22.58,1
2018-05-14,Office Supplies,Supplies,64.4,1
2018-05-14,Technology,Accessories,1489.9,2
2018-05-14,Technology,Phones,547.96,2
2015-06-14,Furniture,Bookcases,212.94,1
2016-06-14,Furniture,Furnishings,51.07,1
2017-06-14,Furniture,Bookcases,599.16,1
2017-06-14,Furniture,Furnishings,8.73,1
2017-06-14,Furniture,Tables,2745.83,3
2017-06-14,Office Supplies,Art,15.68,2
2017-06-14,Office Supplies,Binders,39.94,1
2017-06-14,Technology,Accessories,47.75,2
2015-07-14,Furniture,Furnishings,31.98,1
2015-07-14,Office Supplies,Appliances,39.48,1
2015-07-14,Office Supplies,Art,59.52,2
2015-07-14,Office Supplies,Binders,29.93,1
2015-07-14,Office Supplies,Storage,55.92,1
2015-07-14,Technology,Phones,75.75,3
2016-07-14,Furniture,Bookcases,127.76,1
2016-07-14,Furniture,Chairs,441.92,1
2016-07-14,Office Supplies,Paper,18.5,1
2016-07-14,Office Supplies,Storage,272.74,1
2017-07-14,Furniture,Bookcases,579.14,1
2017-07-14,Furniture,Furnishings,82.55,2
2017-07-14,Office Supplies,Appliances,151.62,1
2017-07-14,Office Supplies,Art,41.86,1
2017-07-14,Office Supplies,Binders,68.25,4
2017-07-14,Office Supplies,Fasteners,43.68,2
2017-07-14,Office Supplies,Paper,219.84,1
2017-07-14,Office Supplies,Storage,11.21,1
2017-07-14,Office Supplies,Supplies,11.63,1
2017-07-14,Technology,Accessories,29.0,1
2017-07-14,Technology,Phones,911.18,3
2018-07-14,Furniture,Furnishings,692.45,3
2018-07-14,Office Supplies,Art,85.04,2
2018-07-14,Office Supplies,Binders,4.45,1
2018-07-14,Office Supplies,Fasteners,4.96,1
2018-07-14,Office Supplies,Paper,9.25,1
2018-07-14,Office Supplies,Storage,301.5,2
2018-07-14,Technology,Accessories,140.97,1
2018-07-14,Technology,Phones,2360.32,2
2017-08-14,Office Supplies,Paper,31.09,2
2017-08-14,Technology,Accessories,279.96,1
2017-08-14,Technology,Machines,105.55,1
2017-08-14,Technology,Phones,507.08,2
2018-08-14,Furniture,Tables,418.3,1
2018-08-14,Office Supplies,Art,16.68,1
2018-08-14,Office Supplies,Labels,5.76,1
2015-09-14,Furniture,Furnishings,165.49,3
2015-09-14,Furniture,Tables,464.29,1
2015-09-14,Office Supplies,Appliances,666.75,3
2015-09-14,Office Supplies,Binders,15.71,2
2015-09-14,Office Supplies,Envelopes,79.53,2
2015-09-14,Office Supplies,Fasteners,6.05,1
2015-09-14,Office Supplies,Labels,20.16,1
2015-09-14,Office Supplies,Paper,51.67,2
2015-09-14,Office Supplies,Storage,449.15,1
2015-09-14,Technology,Machines,2799.96,1
2015-09-14,Technology,Phones,304.96,2
2016-09-14,Furniture,Tables,1082.89,2
2016-09-14,Office Supplies,Binders,38.86,2
2016-09-14,Office Supplies,Storage,1260.69,2
2016-09-14,Technology,Copiers,879.98,1
2017-09-14,Office Supplies,Binders,673.57,1
2017-09-14,Office Supplies,Paper,25.92,1
2017-09-14,Technology,Phones,437.85,1
2018-09-14,Furniture,Chairs,702.78,2
2018-09-14,Furniture,Furnishings,127.94,1
2018-09-14,Office Supplies,Appliances,942.78,1
2018-09-14,Office Supplies,Art,100.9,2
2018-09-14,Office Supplies,Binders,22.19,2
2018-09-14,Office Supplies,Labels,56.7,1
2018-09-14,Office Supplies,Paper,113.52,4
2018-09-14,Office Supplies,Storage,70.98,1
2018-09-14,Technology,Machines,253.75,2
2018-09-14,Technology,Phones,1079.85,1
2015-10-14,Furniture,Chairs,1628.82,1
2015-10-14,Office Supplies,Appliances,3.16,1
2015-10-14,Office Supplies,Binders,25.87,2
2015-10-14,Office Supplies,Paper,341.33,2
2015-10-14,Office Supplies,Storage,349.35,2
2015-10-14,Technology,Accessories,177.0,1
2015-10-14,Technology,Copiers,1999.96,1
2017-10-14,Furniture,Chairs,102.59,1
2017-10-14,Office Supplies,Envelopes,35.01,1
2017-10-14,Office Supplies,Paper,244.14,3
2017-10-14,Office Supplies,Supplies,12.77,1
2017-10-14,Technology,Accessories,1849.45,3
2017-10-14,Technology,Phones,1091.93,1
2018-10-14,Furniture,Furnishings,9.46,1
2018-10-14,Office Supplies,Binders,78.51,3
2018-10-14,Technology,Accessories,46.36,1
2015-11-14,Furniture,Chairs,69.26,1
2015-11-14,Office Supplies,Binders,68.04,3
2015-11-14,Office Supplies,Paper,64.5,3
2015-11-14,Technology,Phones,832.93,1
2016-11-14,Furniture,Chairs,1114.19,2
2016-11-14,Furniture,Furnishings,76.14,1
2016-11-14,Office Supplies,Appliances,826.11,1
2016-11-14,Office Supplies,Binders,19.96,1
2016-11-14,Office Supplies,Envelopes,33.96,1
2016-11-14,Office Supplies,Fasteners,8.72,1
2016-11-14,Office Supplies,Paper,37.0,1
2016-11-14,Technology,Accessories,396.63,5
2017-11-14,Furniture,Chairs,788.06,2
2017-11-14,Furniture,Furnishings,68.5,2
2017-11-14,Office Supplies,Art,33.49,2
2017-11-14,Office Supplies,Binders,10.56,2
2017-11-14,Office Supplies,Labels,7.38,1
2017-11-14,Office Supplies,Paper,21.73,2
2017-11-14,Office Supplies,Storage,40.44,1
2017-11-14,Technology,Accessories,499.98,1
2017-11-14,Technology,Copiers,1199.98,1
2017-11-14,Technology,Phones,103.95,2
2018-11-14,Furniture,Chairs,321.57,1
2018-11-14,Office Supplies,Art,79.28,2
2018-11-14,Office Supplies,Binders,34.28,3
2018-11-14,Office Supplies,Envelopes,15.28,1
2018-11-14,Office Supplies,Storage,96.36,1
2018-11-14,Technology,Accessories,167.95,1
2018-11-14,Technology,Phones,119.94,1
2015-12-14,Furniture,Chairs,186.3,1
2015-12-14,Furniture,Tables,136.53,1
2015-12-14,Office Supplies,Art,2.62,1
2015-12-14,Office Supplies,Binders,14.37,2
2015-12-14,Office Supplies,Fasteners,2.9,1
2015-12-14,Technology,Accessories,298.98,2
2015-12-14,Technology,Machines,6999.96,1
2016-12-14,Furniture,Furnishings,50.62,3
2016-12-14,Office Supplies,Art,56.3,1
2016-12-14,Office Supplies,Binders,11.86,2
2016-12-14,Technology,Accessories,50.0,1
2016-12-14,Technology,Phones,319.97,1
2017-12-14,Furniture,Chairs,81.42,1
2017-12-14,Furniture,Furnishings,530.3,2
2017-12-14,Office Supplies,Binders,23.12,1
2017-12-14,Office Supplies,Fasteners,21.48,1
2017-12-14,Office Supplies,Labels,5.76,1
2017-12-14,Office Supplies,Paper,14.62,1
2017-12-14,Office Supplies,Storage,151.95,2
2018-12-14,Furniture,Furnishings,350.96,4
2018-12-14,Furniture,Tables,1501.57,2
2018-12-14,Office Supplies,Art,95.23,1
2018-12-14,Office Supplies,Binders,64.96,1
2018-12-14,Office Supplies,Envelopes,43.7,1
2018-12-14,Office Supplies,Fasteners,17.28,1
2018-12-14,Office Supplies,Storage,73.85,1
2018-12-14,Office Supplies,Supplies,25.71,1
2018-12-14,Technology,Accessories,471.79,4
2018-12-14,Technology,Copiers,1199.98,1
2018-12-14,Technology,Phones,52.68,1
2015-01-15,Technology,Accessories,149.95,1
2017-01-15,Furniture,Tables,181.8,1
2017-01-15,Office Supplies,Art,4.66,1
2017-01-15,Office Supplies,Binders,49.54,1
2017-01-15,Office Supplies,Envelopes,68.86,2
2017-01-15,Office Supplies,Paper,142.1,2
2017-01-15,Technology,Accessories,254.97,1
2018-01-15,Office Supplies,Appliances,1958.54,2
2018-01-15,Office Supplies,Art,21.4,1
2018-01-15,Office Supplies,Binders,37.06,2
2018-01-15,Office Supplies,Paper,12.7,1
2018-01-15,Technology,Accessories,110.58,2
2015-02-15,Office Supplies,Binders,21.36,1
2016-02-15,Office Supplies,Appliances,541.44,1
2016-02-15,Office Supplies,Binders,53.24,2
2016-02-15,Office Supplies,Paper,32.8,2
2016-02-15,Technology,Accessories,139.95,1
2016-02-15,Technology,Phones,834.95,2
2017-02-15,Office Supplies,Binders,398.35,1
2017-02-15,Office Supplies,Fasteners,8.72,1
2015-03-15,Furniture,Furnishings,45.7,1
2015-03-15,Office Supplies,Binders,50.41,2
2015-03-15,Office Supplies,Paper,131.9,1
2015-03-15,Office Supplies,Storage,142.78,1
2016-03-15,Technology,Phones,16.78,1
2017-03-15,Furniture,Chairs,1352.03,1
2017-03-15,Office Supplies,Binders,4.54,1
2017-03-15,Office Supplies,Paper,365.44,2
2017-03-15,Technology,Accessories,83.98,1
2015-04-15,Furniture,Furnishings,187.76,1
2015-04-15,Office Supplies,Appliances,106.96,1
2017-04-15,Furniture,Chairs,1121.57,1
2017-04-15,Office Supplies,Art,33.49,1
2017-04-15,Office Supplies,Binders,189.59,1
2017-04-15,Office Supplies,Fasteners,8.04,1
2017-04-15,Office Supplies,Paper,143.7,1
2017-04-15,Office Supplies,Storage,4.77,1
2017-04-15,Technology,Accessories,700.7,2
2018-04-15,Furniture,Furnishings,196.45,1
2018-04-15,Office Supplies,Art,4.89,1
2018-04-15,Office Supplies,Binders,15.57,1
2018-04-15,Office Supplies,Paper,115.43,3
2016-05-15,Office Supplies,Envelopes,17.94,1
2016-05-15,Office Supplies,Storage,51.97,1
2017-05-15,Office Supplies,Art,100.3,2
2017-05-15,Office Supplies,Binders,533.38,3
2017-05-15,Office Supplies,Paper,15.23,1
2018-05-15,Furniture,Chairs,263.58,2
2018-05-15,Furniture,Furnishings,39.96,1
2018-05-15,Office Supplies,Binders,4.75,1
2018-05-15,Office Supplies,Paper,72.26,2
2018-05-15,Technology,Phones,40.71,2
2015-06-15,Furniture,Chairs,797.94,1
2015-06-15,Furniture,Tables,99.92,1
2015-06-15,Office Supplies,Binders,8.57,1
2015-06-15,Office Supplies,Paper,36.54,1
2016-06-15,Furniture,Furnishings,404.96,2
2016-06-15,Office Supplies,Paper,9.57,1
2016-06-15,Office Supplies,Storage,82.37,1
2016-06-15,Technology,Accessories,11.67,1
2016-06-15,Technology,Phones,225.58,1
2017-06-15,Office Supplies,Paper,173.49,1
2018-06-15,Furniture,Bookcases,77.73,1
2018-06-15,Furniture,Chairs,698.35,1
2018-06-15,Furniture,Furnishings,31.17,1
2018-06-15,Furniture,Tables,120.96,1
2018-06-15,Office Supplies,Appliances,76.61,1
2018-06-15,Office Supplies,Art,23.82,2
2018-06-15,Office Supplies,Labels,44.4,1
2018-06-15,Office Supplies,Paper,109.3,2
2018-06-15,Office Supplies,Storage,227.33,2
2018-06-15,Technology,Phones,2647.85,4
2015-07-15,Office Supplies,Fasteners,6.54,1
2015-07-15,Technology,Accessories,2.97,1
2017-07-15,Furniture,Chairs,230.28,1
2017-07-15,Office Supplies,Paper,105.52,1
2017-07-15,Office Supplies,Supplies,44.4,1
2018-07-15,Furniture,Chairs,664.15,1
2018-07-15,Furniture,Tables,1183.38,2
2018-07-15,Office Supplies,Appliances,179.94,1
2018-07-15,Office Supplies,Art,6.56,1
2018-07-15,Office Supplies,Binders,26.55,1
2018-07-15,Office Supplies,Labels,7.83,1
2018-07-15,Office Supplies,Paper,21.92,2
2018-07-15,Technology,Accessories,41.9,1
2015-08-15,Office Supplies,Appliances,152.24,1
2015-08-15,Office Supplies,Binders,93.9,2
2015-08-15,Office Supplies,Paper,91.36,1
2016-08-15,Furniture,Furnishings,104.23,1
2016-08-15,Office Supplies,Storage,393.36,2
2017-08-15,Furniture,Chairs,225.3,1
2017-08-15,Furniture,Furnishings,312.03,1
2017-08-15,Office Supplies,Appliances,122.33,1
2017-08-15,Office Supplies,Binders,18.88,1
2017-08-15,Office Supplies,Labels,3.15,1
2017-08-15,Office Supplies,Paper,37.52,1
2017-08-15,Office Supplies,Storage,17.94,1
2017-08-15,Technology,Phones,943.12,3
2018-08-15,Office Supplies,Appliances,97.84,1
2018-08-15,Office Supplies,Labels,50.4,1
2018-08-15,Office Supplies,Storage,1801.63,1
2015-09-15,Furniture,Furnishings,118.5,2
2015-09-15,Office Supplies,Paper,14.94,1
2016-09-15,Furniture,Bookcases,46.38,1
2016-09-15,Furniture,Chairs,1056.86,1
2016-09-15,Furniture,Furnishings,71.68,2
2016-09-15,Furniture,Tables,801.96,1
2016-09-15,Office Supplies,Art,24.32,1
2016-09-15,Office Supplies,Binders,83.45,2
2016-09-15,Office Supplies,Paper,28.51,2
2016-09-15,Office Supplies,Storage,362.72,3
2016-09-15,Technology,Phones,59.97,1
2017-09-15,Furniture,Tables,1128.39,1
2017-09-15,Office Supplies,Art,35.4,1
2017-09-15,Office Supplies,Binders,910.65,3
2017-09-15,Office Supplies,Paper,26.74,2
2018-09-15,Furniture,Bookcases,782.94,1
2018-09-15,Furniture,Chairs,916.06,3
2018-09-15,Furniture,Furnishings,612.86,3
2018-09-15,Furniture,Tables,300.9,1
2018-09-15,Office Supplies,Appliances,108.96,1
2018-09-15,Office Supplies,Art,159.74,4
2018-09-15,Office Supplies,Binders,2897.71,4
2018-09-15,Office Supplies,Paper,195.83,2
2018-09-15,Office Supplies,Storage,120.58,2
2018-09-15,Technology,Accessories,59.98,1
2018-09-15,Technology,Phones,1129.45,4
2015-10-15,Furniture,Chairs,183.37,1
2015-10-15,Furniture,Furnishings,15.38,1
2015-10-15,Office Supplies,Paper,7.97,1
2016-10-15,Furniture,Chairs,2453.43,1
2016-10-15,Furniture,Furnishings,148.52,2
2016-10-15,Office Supplies,Binders,3.96,1
2016-10-15,Office Supplies,Envelopes,4.46,1
2016-10-15,Office Supplies,Paper,5.34,1
2016-10-15,Technology,Accessories,603.84,2
2017-10-15,Office Supplies,Appliances,911.85,2
2017-10-15,Office Supplies,Binders,396.28,3
2017-10-15,Office Supplies,Envelopes,66.54,1
2017-10-15,Office Supplies,Labels,49.62,2
2017-10-15,Office Supplies,Paper,190.36,4
2017-10-15,Technology,Phones,5.5,1
2018-10-15,Furniture,Furnishings,22.72,1
2018-10-15,Furniture,Tables,510.24,1
2018-10-15,Office Supplies,Art,99.6,2
2018-10-15,Office Supplies,Labels,180.43,3
2018-10-15,Office Supplies,Paper,204.95,1
2015-11-15,Furniture,Furnishings,10.11,1
2015-11-15,Office Supplies,Appliances,333.06,1
2015-11-15,Office Supplies,Art,4.22,1
2015-11-15,Office Supplies,Envelopes,604.66,1
2015-11-15,Office Supplies,Paper,24.9,1
2015-11-15,Office Supplies,Supplies,31.41,2
2015-11-15,Technology,Accessories,772.47,1
2016-11-15,Furniture,Furnishings,39.96,1
2016-11-15,Office Supplies,Art,119.04,1
2016-11-15,Office Supplies,Binders,213.23,3
2016-11-15,Office Supplies,Storage,321.22,2
2016-11-15,Office Supplies,Supplies,8.72,1
2017-11-15,Furniture,Tables,630.02,1
2017-11-15,Office Supplies,Binders,1054.93,2
2017-11-15,Technology,Accessories,99.39,1
2017-11-15,Technology,Phones,361.38,1
2018-11-15,Furniture,Furnishings,559.2,2
2015-12-15,Furniture,Chairs,1209.08,2
2015-12-15,Furniture,Furnishings,14.7,2
2015-12-15,Technology,Phones,40.68,1
2016-12-15,Furniture,Furnishings,262.86,1
2016-12-15,Office Supplies,Appliances,103.92,1
2016-12-15,Office Supplies,Art,3.28,1
2016-12-15,Office Supplies,Binders,51.31,1
2016-12-15,Technology,Accessories,2925.27,2
2016-12-15,Technology,Machines,1799.99,1
2016-12-15,Technology,Phones,348.16,2
2017-12-15,Furniture,Furnishings,14.76,1
2017-12-15,Furniture,Tables,2217.14,2
2017-12-15,Office Supplies,Appliances,87.17,1
2017-12-15,Office Supplies,Binders,2.21,1
2017-12-15,Office Supplies,Paper,19.44,1
2017-12-15,Office Supplies,Storage,296.37,1
2018-12-15,Furniture,Furnishings,22.77,1
2018-12-15,Office Supplies,Appliances,54.32,1
2018-12-15,Office Supplies,Art,10.19,1
2018-12-15,Office Supplies,Paper,22.83,1
2018-12-15,Technology,Phones,196.78,1
2015-01-16,Furniture,Furnishings,127.1,1
2015-01-16,Office Supplies,Binders,18.59,1
2015-01-16,Office Supplies,Labels,30.07,1
2015-01-16,Technology,Phones,124.2,1
2017-01-16,Office Supplies,Binders,11.65,1
2017-01-16,Technology,Accessories,90.57,1
2018-01-16,Furniture,Chairs,302.67,1
2018-01-16,Furniture,Furnishings,27.92,1
2018-01-16,Furniture,Tables,399.67,1
2018-01-16,Office Supplies,Binders,5443.96,1
2018-01-16,Office Supplies,Paper,56.07,1
2015-02-16,Office Supplies,Appliances,7.96,1
2015-02-16,Office Supplies,Binders,1.08,1
2016-02-16,Office Supplies,Labels,87.71,1
2016-02-16,Office Supplies,Paper,72.72,2
2017-02-16,Furniture,Chairs,617.56,3
2017-02-16,Furniture,Furnishings,318.08,1
2017-02-16,Office Supplies,Appliances,92.06,1
2017-02-16,Office Supplies,Binders,5.8,1
2017-02-16,Office Supplies,Fasteners,6.98,1
2017-02-16,Office Supplies,Paper,5.18,1
2017-02-16,Technology,Accessories,89.97,1
2018-02-16,Furniture,Chairs,600.56,1
2018-02-16,Furniture,Furnishings,7.69,1
2018-02-16,Office Supplies,Art,28.03,1
2018-02-16,Office Supplies,Fasteners,18.37,1
2018-02-16,Office Supplies,Paper,37.94,1
2018-02-16,Office Supplies,Storage,629.86,2
2018-02-16,Technology,Phones,14.99,1
2015-03-16,Technology,Phones,471.92,1
2016-03-16,Furniture,Furnishings,43.13,1
2016-03-16,Furniture,Tables,171.96,1
2016-03-16,Office Supplies,Art,28.6,3
2016-03-16,Office Supplies,Binders,6354.95,1
2016-03-16,Office Supplies,Envelopes,7.38,1
2016-03-16,Office Supplies,Labels,491.55,1
2016-03-16,Office Supplies,Storage,46.74,1
2016-03-16,Technology,Phones,85.9,1
2018-03-16,Furniture,Furnishings,51.26,1
2018-03-16,Office Supplies,Appliances,140.67,1
2018-03-16,Office Supplies,Binders,95.34,3
2018-03-16,Office Supplies,Paper,6.48,1
2018-03-16,Office Supplies,Storage,410.85,3
2018-03-16,Technology,Accessories,159.98,1
2018-03-16,Technology,Phones,1149.79,3
2015-04-16,Office Supplies,Art,39.07,1
2016-04-16,Furniture,Bookcases,523.26,1
2016-04-16,Furniture,Chairs,127.76,1
2016-04-16,Furniture,Furnishings,1196.86,1
2016-04-16,Office Supplies,Appliances,45.22,1
2016-04-16,Office Supplies,Art,7.87,1
2016-04-16,Office Supplies,Binders,64.61,2
2016-04-16,Office Supplies,Fasteners,24.44,3
2016-04-16,Technology,Accessories,43.56,1
2016-04-16,Technology,Copiers,1439.97,1
2016-04-16,Technology,Phones,688.42,2
2017-04-16,Furniture,Furnishings,9.96,1
2017-04-16,Office Supplies,Art,12.84,1
2017-04-16,Office Supplies,Binders,25.3,1
2017-04-16,Office Supplies,Paper,123.09,1
2017-04-16,Office Supplies,Supplies,28.8,1
2017-04-16,Technology,Accessories,35.17,1
2017-04-16,Technology,Machines,9099.93,1
2018-04-16,Furniture,Bookcases,102.83,1
2018-04-16,Office Supplies,Appliances,40.74,1
2018-04-16,Office Supplies,Art,16.52,1
2018-04-16,Office Supplies,Binders,42.65,3
2018-04-16,Office Supplies,Storage,238.46,2
2018-04-16,Office Supplies,Supplies,477.24,1
2018-04-16,Technology,Accessories,25.98,1
2015-05-16,Furniture,Chairs,232.88,1
2015-05-16,Technology,Accessories,56.4,1
2016-05-16,Technology,Accessories,255.97,1
2017-05-16,Furniture,Furnishings,282.84,1
2017-05-16,Office Supplies,Labels,27.72,1
2017-05-16,Office Supplies,Paper,17.34,1
2017-05-16,Office Supplies,Storage,552.56,1
2018-05-16,Office Supplies,Storage,221.02,1
2015-06-16,Furniture,Chairs,647.84,1
2015-06-16,Office Supplies,Art,35.0,1
2015-06-16,Office Supplies,Binders,39.55,1
2015-06-16,Office Supplies,Envelopes,41.4,1
2016-06-16,Furniture,Chairs,197.37,1
2016-06-16,Office Supplies,Binders,3050.38,1
2016-06-16,Office Supplies,Envelopes,34.96,2
2016-06-16,Office Supplies,Paper,27.22,1
2016-06-16,Technology,Phones,133.98,1
2017-06-16,Office Supplies,Labels,9.45,1
2017-06-16,Office Supplies,Paper,46.35,1
2017-06-16,Technology,Machines,91.47,1
2018-06-16,Furniture,Chairs,1514.92,2
2018-06-16,Office Supplies,Appliances,180.66,1
2018-06-16,Office Supplies,Art,37.94,2
2018-06-16,Office Supplies,Binders,5.94,1
2018-06-16,Office Supplies,Paper,230.14,3
2018-06-16,Office Supplies,Supplies,16.68,1
2018-06-16,Technology,Accessories,479.95,1
2018-06-16,Technology,Phones,257.97,2
2016-07-16,Furniture,Chairs,2199.84,3
2016-07-16,Office Supplies,Envelopes,137.25,1
2016-07-16,Office Supplies,Fasteners,11.52,1
2016-07-16,Office Supplies,Paper,80.88,1
2016-07-16,Technology,Accessories,599.9,1
2017-07-16,Furniture,Furnishings,9.55,1
2017-07-16,Office Supplies,Art,22.32,1
2017-07-16,Office Supplies,Binders,30.56,2
2017-07-16,Office Supplies,Envelopes,10.2,1
2017-07-16,Office Supplies,Paper,80.14,2
2017-07-16,Office Supplies,Storage,37.22,1
2017-07-16,Office Supplies,Supplies,5.84,1
2017-07-16,Technology,Accessories,75.98,1
2017-07-16,Technology,Phones,638.36,2
2018-07-16,Furniture,Chairs,71.37,1
2018-07-16,Office Supplies,Art,2.91,1
2015-08-16,Furniture,Tables,853.09,1
2016-08-16,Furniture,Bookcases,301.47,1
2016-08-16,Furniture,Furnishings,254.35,1
2016-08-16,Office Supplies,Art,2.3,1
2016-08-16,Office Supplies,Binders,6.49,2
2016-08-16,Office Supplies,Labels,5.04,1
2016-08-16,Office Supplies,Paper,333.66,3
2016-08-16,Office Supplies,Storage,44.69,1
2016-08-16,Technology,Accessories,31.18,1
2016-08-16,Technology,Phones,2399.75,2
2017-08-16,Furniture,Tables,161.28,1
2017-08-16,Office Supplies,Envelopes,10.86,1
2017-08-16,Office Supplies,Paper,32.4,1
2018-08-16,Office Supplies,Binders,13.43,1
2018-08-16,Office Supplies,Storage,67.14,1
2015-09-16,Office Supplies,Binders,33.55,1
2016-09-16,Office Supplies,Envelopes,31.12,1
2017-09-16,Furniture,Bookcases,273.67,1
2017-09-16,Furniture,Chairs,121.78,1
2017-09-16,Office Supplies,Appliances,17.48,1
2017-09-16,Office Supplies,Paper,12.96,1
2018-09-16,Furniture,Furnishings,22.51,1
2018-09-16,Office Supplies,Art,5.98,1
2018-09-16,Office Supplies,Binders,541.64,2
2018-09-16,Office Supplies,Envelopes,17.57,1
2018-09-16,Office Supplies,Fasteners,17.9,1
2018-09-16,Office Supplies,Paper,50.1,3
2018-09-16,Technology,Accessories,119.96,2
2018-09-16,Technology,Phones,55.99,1
2015-10-16,Office Supplies,Binders,14.35,1
2015-10-16,Technology,Accessories,179.97,1
2016-10-16,Technology,Phones,824.97,1
2017-10-16,Furniture,Tables,142.18,1
2018-10-16,Furniture,Furnishings,547.3,1
2018-10-16,Furniture,Tables,1875.26,1
2018-10-16,Office Supplies,Binders,124.75,1
2018-10-16,Office Supplies,Paper,307.78,1
2018-10-16,Technology,Accessories,18.53,1
2018-10-16,Technology,Machines,599.99,1
2015-11-16,Furniture,Bookcases,305.97,1
2015-11-16,Furniture,Chairs,37.3,1
2015-11-16,Office Supplies,Binders,29.12,1
2015-11-16,Office Supplies,Envelopes,78.35,1
2015-11-16,Office Supplies,Labels,5.22,1
2015-11-16,Office Supplies,Paper,31.68,1
2015-11-16,Office Supplies,Storage,514.36,2
2015-11-16,Technology,Phones,353.93,2
2016-11-16,Furniture,Furnishings,220.08,2
2016-11-16,Furniture,Tables,1564.08,3
2016-11-16,Office Supplies,Appliances,523.25,1
2016-11-16,Office Supplies,Labels,18.9,1
2016-11-16,Office Supplies,Paper,179.82,1
2016-11-16,Office Supplies,Storage,21.49,1
2016-11-16,Technology,Accessories,999.96,1
2016-11-16,Technology,Phones,544.75,2
2017-11-16,Office Supplies,Binders,8.32,1
2017-11-16,Office Supplies,Envelopes,28.4,1
2018-11-16,Furniture,Furnishings,289.59,4
2018-11-16,Office Supplies,Art,109.71,2
2018-11-16,Office Supplies,Binders,1.82,1
2018-11-16,Office Supplies,Paper,220.5,2
2018-11-16,Office Supplies,Storage,893.43,3
2018-11-16,Technology,Accessories,139.96,1
2018-11-16,Technology,Copiers,899.98,1
2018-11-16,Technology,Machines,1972.42,2
2018-11-16,Technology,Phones,227.82,2
2015-12-16,Furniture,Chairs,2659.32,3
2015-12-16,Furniture,Furnishings,130.49,3
2015-12-16,Office Supplies,Binders,1.17,1
2015-12-16,Office Supplies,Fasteners,1.98,1
2015-12-16,Office Supplies,Paper,150.49,2
2015-12-16,Technology,Accessories,494.98,2
2015-12-16,Technology,Phones,627.17,1
2016-12-16,Office Supplies,Paper,4.98,1
2017-12-16,Furniture,Chairs,563.92,1
2017-12-16,Office Supplies,Appliances,34.94,1
2017-12-16,Office Supplies,Binders,4.79,1
2017-12-16,Office Supplies,Fasteners,3.68,1
2017-12-16,Technology,Accessories,21.21,1
2018-12-16,Furniture,Chairs,178.75,2
2018-12-16,Furniture,Furnishings,18.96,1
2018-12-16,Office Supplies,Art,29.95,1
2018-12-16,Office Supplies,Binders,74.48,4
2018-12-16,Office Supplies,Labels,44.4,1
2018-12-16,Office Supplies,Paper,13.36,1
2018-12-16,Office Supplies,Storage,158.9,1
2018-12-16,Technology,Accessories,339.9,2
2016-01-17,Furniture,Furnishings,254.74,1
2016-01-17,Office Supplies,Art,6.68,1
2016-01-17,Office Supplies,Supplies,88.96,1
2017-01-17,Furniture,Furnishings,322.59,1
2017-01-17,Technology,Accessories,717.96,3
2015-02-17,Office Supplies,Art,54.21,1
2018-02-17,Furniture,Bookcases,89.07,1
2018-02-17,Furniture,Chairs,899.43,1
2018-02-17,Furniture,Furnishings,30.14,1
2018-02-17,Furniture,Tables,936.93,2
2018-02-17,Office Supplies,Art,175.44,1
2018-02-17,Office Supplies,Binders,5.71,1
2018-02-17,Office Supplies,Paper,11.76,1
2018-02-17,Office Supplies,Storage,166.45,1
2018-02-17,Technology,Phones,649.88,4
2015-03-17,Furniture,Tables,3265.23,3
2015-03-17,Office Supplies,Appliances,126.45,2
2015-03-17,Office Supplies,Art,24.13,2
2015-03-17,Office Supplies,Binders,131.15,4
2015-03-17,Office Supplies,Paper,413.4,8
2016-03-17,Office Supplies,Storage,33.82,1
2016-03-17,Technology,Accessories,15.02,1
2017-03-17,Furniture,Furnishings,971.5,1
2017-03-17,Office Supplies,Appliances,901.95,1
2017-03-17,Office Supplies,Art,39.68,1
2017-03-17,Office Supplies,Binders,32.54,1
2017-03-17,Office Supplies,Envelopes,199.9,1
2017-03-17,Technology,Phones,214.76,2
2018-03-17,Office Supplies,Art,59.1,1
2018-03-17,Office Supplies,Binders,40.38,3
2018-03-17,Office Supplies,Labels,30.67,3
2018-03-17,Office Supplies,Paper,10.27,1
2018-03-17,Office Supplies,Storage,153.97,2
2018-03-17,Technology,Accessories,128.66,2
2018-03-17,Technology,Phones,119.7,1
2016-04-17,Office Supplies,Appliances,1447.65,1
2016-04-17,Office Supplies,Art,16.27,2
2016-04-17,Office Supplies,Binders,62.3,1
2016-04-17,Office Supplies,Paper,11.96,1
2016-04-17,Technology,Accessories,422.97,2
2016-04-17,Technology,Phones,783.96,1
2017-04-17,Furniture,Bookcases,257.5,1
2017-04-17,Furniture,Furnishings,97.74,2
2017-04-17,Office Supplies,Fasteners,29.05,1
2017-04-17,Technology,Phones,36.79,1
2018-04-17,Furniture,Chairs,218.35,1
2018-04-17,Furniture,Furnishings,60.31,1
2018-04-17,Office Supplies,Binders,42.59,3
2018-04-17,Office Supplies,Fasteners,10.9,1
2018-04-17,Office Supplies,Labels,30.42,2
2018-04-17,Office Supplies,Paper,48.88,2
2018-04-17,Office Supplies,Storage,195.14,1
2018-04-17,Technology,Accessories,274.89,1
2018-04-17,Technology,Machines,2549.99,1
2015-05-17,Office Supplies,Binders,91.68,1
2016-05-17,Office Supplies,Binders,33.28,1
2016-05-17,Office Supplies,Paper,14.09,1
2017-05-17,Furniture,Furnishings,195.85,2
2017-05-17,Office Supplies,Binders,32.86,3
2017-05-17,Office Supplies,Fasteners,7.9,1
2017-05-17,Office Supplies,Labels,14.62,1
2017-05-17,Office Supplies,Paper,30.53,1
2017-05-17,Office Supplies,Supplies,65.17,1
2015-06-17,Furniture,Furnishings,6.24,1
2015-06-17,Office Supplies,Binders,3266.38,1
2015-06-17,Office Supplies,Fasteners,17.9,1
2015-06-17,Technology,Machines,65.97,1
2017-06-17,Furniture,Bookcases,239.67,1
2017-06-17,Furniture,Chairs,802.55,2
2017-06-17,Furniture,Furnishings,266.35,1
2017-06-17,Furniture,Tables,376.87,1
2017-06-17,Office Supplies,Art,11.52,2
2017-06-17,Office Supplies,Binders,56.44,2
2017-06-17,Office Supplies,Labels,22.5,1
2017-06-17,Office Supplies,Paper,378.76,4
2017-06-17,Office Supplies,Storage,249.3,2
2017-06-17,Technology,Accessories,30.0,1
2017-06-17,Technology,Phones,566.97,1
2018-06-17,Furniture,Furnishings,155.25,1
2018-06-17,Office Supplies,Binders,62.98,3
2018-06-17,Office Supplies,Paper,12.22,1
2018-06-17,Office Supplies,Storage,160.38,2
2018-06-17,Technology,Accessories,101.34,1
2018-06-17,Technology,Machines,3404.5,1
2016-07-17,Furniture,Bookcases,427.39,2
2016-07-17,Office Supplies,Fasteners,14.43,1
2016-07-17,Office Supplies,Labels,6.26,1
2017-07-17,Furniture,Furnishings,37.17,2
2017-07-17,Office Supplies,Appliances,208.6,2
2017-07-17,Office Supplies,Binders,12.82,1
2017-07-17,Office Supplies,Labels,87.71,1
2017-07-17,Office Supplies,Paper,136.89,4
2017-07-17,Office Supplies,Storage,655.51,4
2017-07-17,Technology,Accessories,428.4,1
2017-07-17,Technology,Phones,617.78,2
2018-07-17,Furniture,Bookcases,1194.16,1
2018-07-17,Furniture,Furnishings,46.98,2
2018-07-17,Office Supplies,Envelopes,57.9,1
2018-07-17,Office Supplies,Paper,132.3,2
2018-07-17,Office Supplies,Storage,10.56,1
2018-07-17,Technology,Copiers,479.98,1
2018-07-17,Technology,Phones,269.98,1
2015-08-17,Office Supplies,Binders,17.96,1
2015-08-17,Office Supplies,Fasteners,12.67,1
2015-08-17,Office Supplies,Paper,129.75,2
2015-08-17,Technology,Accessories,339.96,1
2016-08-17,Office Supplies,Art,10.27,1
2016-08-17,Office Supplies,Binders,52.2,1
2016-08-17,Office Supplies,Paper,36.29,1
2016-08-17,Technology,Accessories,282.88,2
2017-08-17,Office Supplies,Binders,15.71,1
2018-08-17,Furniture,Chairs,4953.33,3
2018-08-17,Furniture,Furnishings,16.78,1
2018-08-17,Office Supplies,Appliances,2557.15,2
2018-08-17,Office Supplies,Art,8.02,1
2018-08-17,Office Supplies,Binders,1233.83,4
2018-08-17,Office Supplies,Envelopes,23.36,1
2018-08-17,Office Supplies,Paper,8.56,1
2018-08-17,Office Supplies,Storage,540.57,1
2018-08-17,Office Supplies,Supplies,5.55,1
2018-08-17,Technology,Accessories,98.16,1
2018-08-17,Technology,Phones,71.98,1
2015-09-17,Furniture,Furnishings,35.34,1
2015-09-17,Office Supplies,Art,43.5,2
2015-09-17,Office Supplies,Binders,143.13,2
2015-09-17,Office Supplies,Envelopes,182.94,1
2015-09-17,Office Supplies,Paper,193.57,3
2015-09-17,Office Supplies,Storage,88.21,2
2015-09-17,Technology,Accessories,103.9,2
2015-09-17,Technology,Machines,29.93,1
2016-09-17,Furniture,Bookcases,9316.05,3
2016-09-17,Furniture,Chairs,199.76,1
2016-09-17,Furniture,Furnishings,146.14,2
2016-09-17,Furniture,Tables,344.22,1
2016-09-17,Office Supplies,Art,102.06,2
2016-09-17,Office Supplies,Binders,48.1,4
2016-09-17,Office Supplies,Envelopes,3.26,1
2016-09-17,Office Supplies,Labels,87.71,1
2016-09-17,Office Supplies,Paper,143.36,2
2016-09-17,Office Supplies,Storage,109.5,2
2016-09-17,Technology,Accessories,747.07,2
2016-09-17,Technology,Phones,277.77,2
2017-09-17,Furniture,Chairs,113.89,1
2017-09-17,Furniture,Furnishings,316.12,3
2017-09-17,Office Supplies,Art,53.5,2
2017-09-17,Office Supplies,Binders,232.4,1
2017-09-17,Office Supplies,Labels,12.32,1
2017-09-17,Office Supplies,Paper,6.48,1
2017-09-17,Office Supplies,Storage,295.4,1
2017-09-17,Technology,Machines,396.0,1
2017-09-17,Technology,Phones,617.02,3
2018-09-17,Furniture,Bookcases,1292.94,1
2018-09-17,Furniture,Chairs,1042.35,2
2018-09-17,Office Supplies,Art,9.91,1
2018-09-17,Office Supplies,Binders,53.94,4
2018-09-17,Office Supplies,Labels,14.4,1
2018-09-17,Office Supplies,Paper,284.16,3
2018-09-17,Office Supplies,Storage,295.79,2
2018-09-17,Technology,Accessories,89.97,1
2018-09-17,Technology,Machines,480.0,1
2018-09-17,Technology,Phones,1415.76,1
2015-10-17,Furniture,Furnishings,5.31,1
2015-10-17,Office Supplies,Binders,10.78,1
2015-10-17,Technology,Accessories,119.98,1
2016-10-17,Office Supplies,Storage,77.88,1
2017-10-17,Furniture,Bookcases,241.65,2
2017-10-17,Office Supplies,Appliances,1927.59,1
2017-10-17,Office Supplies,Binders,334.14,2
2017-10-17,Technology,Phones,449.97,1
2018-10-17,Office Supplies,Art,10.64,1
2018-10-17,Office Supplies,Paper,12.96,1
2018-10-17,Office Supplies,Storage,49.96,1
2018-10-17,Technology,Phones,52.79,1
2015-11-17,Furniture,Bookcases,4007.84,1
2015-11-17,Furniture,Chairs,1137.83,2
2015-11-17,Furniture,Furnishings,124.41,1
2015-11-17,Office Supplies,Appliances,241.44,1
2015-11-17,Office Supplies,Art,57.75,1
2015-11-17,Office Supplies,Binders,2152.78,1
2015-11-17,Office Supplies,Envelopes,7.08,1
2015-11-17,Office Supplies,Paper,780.84,3
2015-11-17,Office Supplies,Storage,2934.33,1
2015-11-17,Technology,Accessories,99.98,1
2016-11-17,Furniture,Chairs,1549.47,2
2016-11-17,Furniture,Furnishings,117.56,2
2016-11-17,Office Supplies,Paper,138.72,2
2016-11-17,Office Supplies,Storage,1623.35,3
2016-11-17,Office Supplies,Supplies,40.92,1
2016-11-17,Technology,Phones,415.97,1
2017-11-17,Office Supplies,Binders,10.78,1
2017-11-17,Office Supplies,Paper,15.23,1
2017-11-17,Office Supplies,Supplies,49.5,1
2017-11-17,Technology,Phones,67.18,1
2018-11-17,Furniture,Bookcases,327.73,1
2018-11-17,Furniture,Furnishings,187.76,1
2018-11-17,Office Supplies,Appliances,35.04,1
2018-11-17,Office Supplies,Art,50.94,1
2018-11-17,Office Supplies,Binders,61.86,3
2018-11-17,Office Supplies,Paper,326.73,3
2018-11-17,Office Supplies,Storage,1247.64,1
2018-11-17,Technology,Accessories,671.12,2
2018-11-17,Technology,Copiers,10499.97,1
2015-12-17,Office Supplies,Art,40.05,1
2015-12-17,Office Supplies,Binders,5.48,1
2016-12-17,Furniture,Chairs,991.96,3
2016-12-17,Furniture,Furnishings,253.68,2
2016-12-17,Office Supplies,Art,234.37,3
2016-12-17,Office Supplies,Binders,122.48,2
2016-12-17,Office Supplies,Storage,180.02,1
2016-12-17,Technology,Phones,135.98,1
2017-12-17,Furniture,Tables,2003.52,1
2017-12-17,Office Supplies,Binders,9917.64,3
2017-12-17,Office Supplies,Paper,51.84,1
2017-12-17,Office Supplies,Storage,46.53,1
2017-12-17,Technology,Accessories,165.6,1
2018-12-17,Furniture,Chairs,504.9,1
2018-12-17,Furniture,Furnishings,124.36,1
2018-12-17,Office Supplies,Appliances,66.28,1
2018-12-17,Office Supplies,Binders,51.86,3
2018-12-17,Office Supplies,Paper,41.39,2
2018-12-17,Office Supplies,Storage,1224.98,4
2018-12-17,Office Supplies,Supplies,13.98,1
2015-01-18,Office Supplies,Appliances,64.86,1
2015-02-18,Furniture,Furnishings,25.16,1
2015-02-18,Office Supplies,Storage,12.62,1
2016-02-18,Furniture,Tables,35.54,1
2016-02-18,Office Supplies,Labels,70.3,2
2018-02-18,Office Supplies,Labels,9.82,1
2018-02-18,Technology,Accessories,109.53,1
2018-02-18,Technology,Phones,167.98,1
2015-03-18,Furniture,Bookcases,1198.33,1
2015-03-18,Furniture,Furnishings,264.12,3
2015-03-18,Office Supplies,Art,8.02,1
2015-03-18,Office Supplies,Fasteners,18.94,1
2015-03-18,Office Supplies,Paper,21.38,1
2015-03-18,Office Supplies,Storage,1856.19,1
2015-03-18,Technology,Machines,24739.75,3
2017-03-18,Furniture,Tables,189.88,1
2017-03-18,Office Supplies,Appliances,871.8,1
2018-03-18,Furniture,Furnishings,82.52,1
2018-03-18,Office Supplies,Appliances,93.55,2
2018-03-18,Office Supplies,Art,83.93,3
2018-03-18,Office Supplies,Binders,182.99,1
2018-03-18,Office Supplies,Envelopes,19.4,1
2018-03-18,Technology,Accessories,27.82,1
2018-03-18,Technology,Phones,537.54,1
2015-04-18,Furniture,Chairs,317.06,1
2015-04-18,Office Supplies,Art,26.56,3
2015-04-18,Office Supplies,Envelopes,149.35,1
2015-04-18,Office Supplies,Fasteners,11.62,1
2015-04-18,Technology,Accessories,227.98,1
2015-04-18,Technology,Machines,287.97,1
2016-04-18,Furniture,Chairs,146.68,2
2016-04-18,Furniture,Furnishings,6.16,1
2016-04-18,Office Supplies,Art,82.22,2
2016-04-18,Office Supplies,Binders,44.01,3
2016-04-18,Office Supplies,Labels,97.11,2
2016-04-18,Office Supplies,Paper,77.51,2
2016-04-18,Office Supplies,Storage,1062.61,2
2016-04-18,Technology,Accessories,147.92,2
2016-04-18,Technology,Phones,342.74,2
2017-04-18,Furniture,Chairs,344.37,1
2017-04-18,Furniture,Furnishings,127.88,1
2017-04-18,Office Supplies,Appliances,203.92,1
2017-04-18,Office Supplies,Art,6.99,1
2017-04-18,Office Supplies,Paper,9.66,1
2017-04-18,Office Supplies,Storage,1785.31,2
2017-04-18,Office Supplies,Supplies,6.84,1
2017-04-18,Technology,Phones,29.56,1
2015-05-18,Furniture,Furnishings,149.23,1
2015-05-18,Office Supplies,Paper,15.94,1
2015-05-18,Technology,Phones,779.8,1
2016-05-18,Office Supplies,Paper,10.86,1
2017-05-18,Office Supplies,Paper,17.94,1
2017-05-18,Office Supplies,Storage,104.28,1
2018-05-18,Furniture,Bookcases,302.94,1
2018-05-18,Furniture,Furnishings,39.06,3
2018-05-18,Office Supplies,Appliances,724.1,2
2018-05-18,Office Supplies,Binders,169.05,5
2018-05-18,Office Supplies,Storage,8.93,1
2018-05-18,Technology,Accessories,36.05,1
2018-05-18,Technology,Phones,550.38,4
2015-06-18,Technology,Phones,139.8,1
2016-06-18,Furniture,Chairs,643.14,1
2016-06-18,Furniture,Furnishings,136.2,2
2016-06-18,Office Supplies,Art,65.61,2
2016-06-18,Office Supplies,Binders,87.44,5
2016-06-18,Office Supplies,Paper,32.69,2
2016-06-18,Office Supplies,Storage,450.04,1
2016-06-18,Technology,Phones,467.97,1
2017-06-18,Office Supplies,Appliances,453.6,1
2017-06-18,Office Supplies,Binders,4.63,1
2017-06-18,Office Supplies,Paper,83.71,2
2018-06-18,Furniture,Bookcases,917.92,1
2018-06-18,Office Supplies,Paper,113.23,2
2015-07-18,Furniture,Chairs,259.14,1
2015-07-18,Office Supplies,Binders,13.9,1
2016-07-18,Office Supplies,Art,5.76,1
2016-07-18,Technology,Accessories,519.96,1
2017-07-18,Furniture,Chairs,1539.17,3
2017-07-18,Office Supplies,Art,11.26,1
2017-07-18,Office Supplies,Binders,1.87,1
2017-07-18,Office Supplies,Paper,18.5,1
2017-07-18,Office Supplies,Storage,1215.69,3
2017-07-18,Office Supplies,Supplies,33.8,1
2017-07-18,Technology,Accessories,15.58,1
2017-07-18,Technology,Phones,55.99,1
2018-07-18,Furniture,Chairs,672.29,3
2018-07-18,Furniture,Tables,801.6,1
2018-07-18,Office Supplies,Binders,7.66,1
2018-07-18,Office Supplies,Paper,16.1,1
2018-07-18,Office Supplies,Supplies,9.18,1
2018-07-18,Technology,Copiers,599.97,1
2017-08-18,Furniture,Furnishings,14.9,2
2017-08-18,Office Supplies,Appliances,355.32,1
2017-08-18,Office Supplies,Binders,2.07,1
2017-08-18,Office Supplies,Paper,83.84,1
2017-08-18,Technology,Phones,39.99,1
2018-08-18,Furniture,Furnishings,204.38,4
2018-08-18,Office Supplies,Art,9.91,1
2018-08-18,Office Supplies,Binders,2939.86,5
2018-08-18,Office Supplies,Storage,1523.18,3
2018-08-18,Technology,Accessories,2363.24,3
2018-08-18,Technology,Phones,37.91,1
2016-09-18,Furniture,Furnishings,24.4,1
2016-09-18,Office Supplies,Art,11.68,1
2016-09-18,Office Supplies,Binders,65.08,1
2016-09-18,Office Supplies,Paper,199.18,3
2016-09-18,Office Supplies,Storage,1122.74,3
2016-09-18,Office Supplies,Supplies,24.2,2
2016-09-18,Technology,Accessories,717.12,1
2016-09-18,Technology,Phones,1759.92,2
2017-09-18,Furniture,Chairs,2769.23,5
2017-09-18,Furniture,Furnishings,66.07,2
2017-09-18,Furniture,Tables,383.44,1
2017-09-18,Office Supplies,Art,2.67,1
2017-09-18,Office Supplies,Binders,4.62,1
2017-09-18,Office Supplies,Labels,3.0,1
2017-09-18,Office Supplies,Paper,381.99,2
2017-09-18,Office Supplies,Storage,900.08,1
2017-09-18,Technology,Phones,239.98,1
2018-09-18,Furniture,Furnishings,30.14,2
2018-09-18,Office Supplies,Art,131.69,3
2018-09-18,Office Supplies,Binders,10.08,1
2018-09-18,Office Supplies,Envelopes,125.71,2
2018-09-18,Office Supplies,Paper,523.25,7
2018-09-18,Office Supplies,Storage,47.58,1
2018-09-18,Office Supplies,Supplies,34.48,1
2018-09-18,Technology,Accessories,101.34,1
2018-09-18,Technology,Phones,507.66,2
2015-10-18,Furniture,Chairs,1151.22,2
2015-10-18,Office Supplies,Binders,1.34,1
2015-10-18,Office Supplies,Envelopes,52.51,1
2015-10-18,Office Supplies,Paper,72.01,2
2015-10-18,Office Supplies,Storage,462.88,2
2015-10-18,Technology,Phones,1394.95,1
2016-10-18,Furniture,Furnishings,10.11,1
2016-10-18,Office Supplies,Appliances,73.16,1
2016-10-18,Office Supplies,Paper,17.94,1
2016-10-18,Technology,Accessories,27.7,1
2016-10-18,Technology,Phones,249.58,1
2017-10-18,Furniture,Chairs,307.92,1
2015-11-18,Furniture,Bookcases,424.12,1
2015-11-18,Furniture,Chairs,392.94,1
2015-11-18,Furniture,Furnishings,206.4,3
2015-11-18,Furniture,Tables,1168.28,3
2015-11-18,Office Supplies,Binders,82.12,5
2015-11-18,Office Supplies,Paper,57.79,2
2015-11-18,Office Supplies,Storage,525.66,3
2015-11-18,Technology,Phones,549.55,2
2017-11-18,Furniture,Chairs,557.07,2
2017-11-18,Office Supplies,Appliances,171.81,2
2017-11-18,Office Supplies,Art,6.37,1
2017-11-18,Office Supplies,Binders,61.12,1
2017-11-18,Office Supplies,Labels,48.85,1
2017-11-18,Office Supplies,Paper,19.65,1
2017-11-18,Office Supplies,Storage,1117.92,1
2017-11-18,Technology,Accessories,1914.96,2
2017-11-18,Technology,Phones,61.19,1
2018-11-18,Furniture,Chairs,127.39,1
2018-11-18,Furniture,Furnishings,25.58,2
2018-11-18,Office Supplies,Appliances,389.06,1
2018-11-18,Office Supplies,Art,38.86,1
2018-11-18,Office Supplies,Binders,28.68,2
2018-11-18,Office Supplies,Envelopes,55.58,1
2018-11-18,Office Supplies,Fasteners,2.96,1
2018-11-18,Office Supplies,Labels,7.38,1
2018-11-18,Office Supplies,Paper,106.59,3
2018-11-18,Office Supplies,Storage,477.26,5
2018-11-18,Office Supplies,Supplies,2.94,1
2018-11-18,Technology,Accessories,132.52,1
2018-11-18,Technology,Phones,74.95,1
2016-12-18,Furniture,Furnishings,20.32,1
2016-12-18,Office Supplies,Art,6.85,1
2016-12-18,Office Supplies,Envelopes,55.94,1
2016-12-18,Office Supplies,Labels,18.43,1
2016-12-18,Office Supplies,Paper,20.74,1
2016-12-18,Office Supplies,Storage,646.78,1
2016-12-18,Technology,Accessories,166.24,1
2017-12-18,Furniture,Chairs,563.94,1
2017-12-18,Furniture,Furnishings,242.6,3
2017-12-18,Furniture,Tables,377.45,1
2017-12-18,Office Supplies,Appliances,194.53,1
2017-12-18,Office Supplies,Art,18.69,1
2017-12-18,Office Supplies,Binders,2093.28,3
2017-12-18,Office Supplies,Labels,15.94,1
2017-12-18,Office Supplies,Paper,50.53,2
2017-12-18,Office Supplies,Storage,900.08,1
2017-12-18,Office Supplies,Supplies,1540.78,2
2017-12-18,Technology,Accessories,957.89,3
2017-12-18,Technology,Phones,95.66,2
2018-12-18,Furniture,Bookcases,119.83,1
2018-12-18,Furniture,Chairs,1141.94,1
2018-12-18,Furniture,Furnishings,118.91,2
2018-12-18,Office Supplies,Appliances,1834.67,2
2018-12-18,Office Supplies,Art,85.79,6
2018-12-18,Office Supplies,Binders,53.91,2
2018-12-18,Office Supplies,Fasteners,4.82,1
2018-12-18,Office Supplies,Paper,136.72,3
2018-12-18,Technology,Accessories,149.32,2
2015-01-19,Furniture,Bookcases,181.47,1
2015-01-19,Office Supplies,Binders,32.34,1
2015-01-19,Office Supplies,Envelopes,108.72,1
2015-01-19,Office Supplies,Paper,56.06,1
2016-01-19,Furniture,Chairs,199.3,1
2016-01-19,Furniture,Tables,102.44,1
2018-01-19,Furniture,Chairs,887.27,1
2018-01-19,Furniture,Furnishings,31.97,1
2018-01-19,Office Supplies,Appliances,542.94,1
2018-01-19,Office Supplies,Envelopes,2.04,1
2018-01-19,Office Supplies,Labels,6.0,1
2018-01-19,Office Supplies,Paper,113.9,3
2018-01-19,Technology,Phones,429.6,1
2017-02-19,Furniture,Furnishings,44.46,1
2017-02-19,Office Supplies,Labels,8.67,1
2017-02-19,Office Supplies,Paper,70.88,1
2017-02-19,Office Supplies,Storage,242.94,1
2017-02-19,Office Supplies,Supplies,25.71,1
2018-02-19,Furniture,Furnishings,44.67,1
2018-02-19,Office Supplies,Appliances,1245.86,1
2018-02-19,Office Supplies,Art,12.84,1
2018-02-19,Office Supplies,Fasteners,11.22,1
2015-03-19,Furniture,Furnishings,25.01,2
2015-03-19,Office Supplies,Binders,33.57,1
2015-03-19,Office Supplies,Labels,11.81,1
2015-03-19,Office Supplies,Storage,26.16,1
2015-03-19,Technology,Accessories,170.24,1
2015-03-19,Technology,Phones,323.98,1
2016-03-19,Office Supplies,Binders,17.57,1
2016-03-19,Office Supplies,Fasteners,10.9,1
2016-03-19,Office Supplies,Labels,14.62,1
2016-03-19,Office Supplies,Paper,276.3,4
2016-03-19,Office Supplies,Storage,1247.64,1
2016-03-19,Office Supplies,Supplies,33.36,1
2016-03-19,Technology,Copiers,3149.93,1
2016-03-19,Technology,Phones,453.58,1
2017-03-19,Furniture,Bookcases,72.29,1
2017-03-19,Furniture,Furnishings,35.3,2
2017-03-19,Office Supplies,Binders,31.09,1
2018-03-19,Furniture,Furnishings,30.93,1
2018-03-19,Furniture,Tables,697.16,1
2018-03-19,Office Supplies,Appliances,381.36,1
2018-03-19,Office Supplies,Binders,61.94,3
2018-03-19,Office Supplies,Labels,28.91,1
2018-03-19,Technology,Accessories,299.5,2
2018-03-19,Technology,Phones,657.5,1
2015-04-19,Furniture,Furnishings,76.14,1
2015-04-19,Office Supplies,Binders,58.05,1
2015-04-19,Office Supplies,Paper,71.28,1
2016-04-19,Office Supplies,Appliances,19.57,1
2016-04-19,Office Supplies,Binders,310.39,1
2017-04-19,Furniture,Tables,205.18,1
2017-04-19,Office Supplies,Art,153.9,4
2017-04-19,Office Supplies,Binders,24.46,3
2017-04-19,Office Supplies,Paper,442.12,2
2017-04-19,Office Supplies,Storage,459.88,1
2017-04-19,Office Supplies,Supplies,62.66,2
2017-04-19,Technology,Phones,65.94,2
2015-05-19,Office Supplies,Binders,57.42,1
2015-05-19,Office Supplies,Supplies,34.2,1
2017-05-19,Furniture,Chairs,641.96,1
2017-05-19,Furniture,Furnishings,75.68,2
2017-05-19,Office Supplies,Appliances,330.74,2
2017-05-19,Office Supplies,Art,21.4,1
2017-05-19,Office Supplies,Binders,57.33,2
2017-05-19,Office Supplies,Storage,454.9,1
2018-05-19,Furniture,Bookcases,1628.82,1
2018-05-19,Furniture,Chairs,995.76,2
2018-05-19,Office Supplies,Appliances,378.5,2
2018-05-19,Office Supplies,Art,9.1,2
2018-05-19,Office Supplies,Binders,159.28,2
2018-05-19,Office Supplies,Labels,13.22,1
2018-05-19,Office Supplies,Paper,548.47,4
2018-05-19,Technology,Accessories,404.09,3
2018-05-19,Technology,Phones,781.94,3
2016-06-19,Furniture,Furnishings,12.56,1
2016-06-19,Office Supplies,Binders,5.79,1
2016-06-19,Office Supplies,Envelopes,186.69,1
2016-06-19,Office Supplies,Labels,5.9,1
2016-06-19,Office Supplies,Paper,6.48,1
2016-06-19,Office Supplies,Storage,228.92,1
2017-06-19,Office Supplies,Paper,17.12,1
2018-06-19,Furniture,Chairs,760.12,1
2018-06-19,Furniture,Furnishings,38.78,1
2018-06-19,Furniture,Tables,457.49,1
2018-06-19,Office Supplies,Appliances,2.71,2
2018-06-19,Office Supplies,Binders,6.89,1
2018-06-19,Office Supplies,Paper,244.0,2
2018-06-19,Office Supplies,Storage,153.58,1
2018-06-19,Office Supplies,Supplies,11.18,1
2018-06-19,Technology,Accessories,225.45,2
2015-07-19,Furniture,Tables,70.56,1
2015-07-19,Office Supplies,Binders,30.79,3
2015-07-19,Technology,Phones,359.98,1
2016-07-19,Office Supplies,Binders,2.02,1
2017-07-19,Furniture,Bookcases,504.9,1
2017-07-19,Furniture,Furnishings,185.58,1
2017-07-19,Office Supplies,Binders,86.16,2
2017-07-19,Office Supplies,Paper,245.94,1
2017-07-19,Office Supplies,Storage,87.92,1
2017-07-19,Technology,Accessories,389.97,1
2017-07-19,Technology,Phones,35.98,1
2015-08-19,Furniture,Bookcases,638.82,1
2015-08-19,Furniture,Furnishings,289.24,1
2015-08-19,Office Supplies,Art,10.72,1
2015-08-19,Office Supplies,Binders,146.23,2
2015-08-19,Office Supplies,Storage,344.91,1
2015-08-19,Office Supplies,Supplies,9.18,1
2017-08-19,Office Supplies,Binders,448.79,3
2018-08-19,Office Supplies,Binders,493.01,3
2018-08-19,Office Supplies,Paper,19.44,1
2015-09-19,Furniture,Chairs,887.1,1
2015-09-19,Furniture,Tables,73.92,1
2015-09-19,Office Supplies,Fasteners,12.83,2
2015-09-19,Office Supplies,Storage,159.86,2
2015-09-19,Technology,Machines,8204.92,3
2016-09-19,Furniture,Bookcases,61.96,1
2016-09-19,Furniture,Furnishings,60.84,1
2016-09-19,Office Supplies,Art,8.4,1
2016-09-19,Office Supplies,Paper,22.96,1
2016-09-19,Technology,Accessories,66.36,1
2016-09-19,Technology,Phones,279.86,1
2017-09-19,Furniture,Chairs,1573.69,2
2017-09-19,Furniture,Furnishings,25.63,1
2017-09-19,Office Supplies,Binders,98.16,5
2017-09-19,Office Supplies,Paper,176.92,2
2017-09-19,Office Supplies,Storage,1675.75,2
2017-09-19,Office Supplies,Supplies,39.21,3
2017-09-19,Technology,Accessories,249.95,1
2018-09-19,Furniture,Bookcases,72.59,1
2018-09-19,Furniture,Furnishings,409.22,1
2018-09-19,Office Supplies,Art,99.29,4
2018-09-19,Office Supplies,Binders,23.02,2
2018-09-19,Office Supplies,Paper,32.4,1
2018-09-19,Office Supplies,Storage,108.24,2
2018-09-19,Technology,Accessories,239.53,2
2018-09-19,Technology,Phones,663.9,2
2015-10-19,Office Supplies,Binders,23.06,2
2015-10-19,Office Supplies,Labels,18.75,1
2015-10-19,Office Supplies,Paper,160.17,2
2015-10-19,Technology,Phones,439.13,2
2016-10-19,Office Supplies,Appliances,1640.7,1
2016-10-19,Office Supplies,Binders,40.0,2
2016-10-19,Office Supplies,Paper,34.44,1
2016-10-19,Technology,Accessories,270.0,1
2016-10-19,Technology,Phones,149.95,1
2018-10-19,Furniture,Bookcases,328.4,1
2018-10-19,Furniture,Furnishings,87.12,2
2018-10-19,Furniture,Tables,115.64,2
2018-10-19,Office Supplies,Art,123.26,1
2018-10-19,Office Supplies,Binders,1674.88,3
2018-10-19,Office Supplies,Envelopes,8.96,1
2018-10-19,Office Supplies,Labels,31.5,1
2018-10-19,Office Supplies,Paper,53.15,2
2018-10-19,Office Supplies,Storage,32.7,1
2018-10-19,Technology,Phones,326.26,2
2015-11-19,Furniture,Bookcases,1025.88,1
2015-11-19,Office Supplies,Binders,213.08,1
2015-11-19,Office Supplies,Labels,32.46,2
2015-11-19,Office Supplies,Paper,172.32,2
2015-11-19,Office Supplies,Storage,221.16,1
2015-11-19,Technology,Accessories,76.5,2
2015-11-19,Technology,Phones,5484.69,4
2016-11-19,Furniture,Furnishings,141.96,1
2016-11-19,Office Supplies,Appliances,31.08,1
2016-11-19,Office Supplies,Binders,5.98,1
2016-11-19,Technology,Phones,861.76,1
2017-11-19,Furniture,Furnishings,34.29,2
2017-11-19,Office Supplies,Appliances,63.7,2
2017-11-19,Office Supplies,Art,35.76,2
2017-11-19,Office Supplies,Binders,44.04,4
2017-11-19,Office Supplies,Envelopes,40.97,1
2017-11-19,Office Supplies,Fasteners,58.37,1
2017-11-19,Office Supplies,Paper,55.12,2
2017-11-19,Office Supplies,Storage,234.26,3
2017-11-19,Technology,Phones,71.96,1
2018-11-19,Furniture,Chairs,729.43,3
2018-11-19,Furniture,Furnishings,856.57,3
2018-11-19,Furniture,Tables,1017.16,3
2018-11-19,Office Supplies,Appliances,2504.74,1
2018-11-19,Office Supplies,Art,166.91,4
2018-11-19,Office Supplies,Binders,1706.75,5
2018-11-19,Office Supplies,Envelopes,16.74,1
2018-11-19,Office Supplies,Fasteners,25.06,1
2018-11-19,Office Supplies,Paper,30.26,2
2018-11-19,Office Supplies,Storage,305.01,1
2018-11-19,Office Supplies,Supplies,6.67,1
2018-11-19,Technology,Phones,31.97,1
2015-12-19,Furniture,Chairs,1819.86,1
2015-12-19,Office Supplies,Binders,157.57,2
2015-12-19,Office Supplies,Fasteners,22.55,1
2015-12-19,Office Supplies,Labels,14.62,1
2015-12-19,Office Supplies,Paper,15.55,1
2015-12-19,Office Supplies,Storage,32.59,1
2015-12-19,Office Supplies,Supplies,7.27,1
2015-12-19,Technology,Accessories,247.8,1
2015-12-19,Technology,Phones,1118.94,3
2016-12-19,Furniture,Tables,1053.16,1
2016-12-19,Office Supplies,Appliances,526.74,3
2016-12-19,Office Supplies,Binders,7.04,1
2016-12-19,Office Supplies,Fasteners,5.04,1
2016-12-19,Office Supplies,Labels,6.91,1
2016-12-19,Office Supplies,Paper,146.18,2
2016-12-19,Technology,Accessories,3541.25,3
2016-12-19,Technology,Phones,834.34,2
2017-12-19,Furniture,Furnishings,303.92,1
2017-12-19,Furniture,Tables,455.97,1
2017-12-19,Office Supplies,Art,3.52,1
2017-12-19,Office Supplies,Binders,51.7,4
2018-12-19,Furniture,Bookcases,102.02,1
2018-12-19,Furniture,Furnishings,13.36,1
2018-12-19,Office Supplies,Binders,36.67,1
2018-12-19,Office Supplies,Storage,78.26,1
2018-12-19,Office Supplies,Supplies,1665.62,1
2015-01-20,Furniture,Chairs,1067.94,1
2015-01-20,Furniture,Furnishings,345.57,4
2015-01-20,Office Supplies,Appliances,247.72,1
2015-01-20,Office Supplies,Art,73.51,3
2015-01-20,Office Supplies,Binders,115.94,3
2015-01-20,Office Supplies,Envelopes,23.34,1
2015-01-20,Office Supplies,Paper,19.36,1
2015-01-20,Office Supplies,Storage,80.56,2
2015-01-20,Technology,Phones,699.93,1
2018-01-20,Furniture,Chairs,207.85,1
2018-01-20,Office Supplies,Art,27.72,2
2018-01-20,Office Supplies,Labels,11.52,1
2018-01-20,Technology,Phones,520.75,2
2015-02-20,Furniture,Furnishings,20.32,1
2015-02-20,Office Supplies,Paper,12.96,1
2015-02-20,Technology,Accessories,62.31,1
2016-02-20,Office Supplies,Art,286.79,1
2016-02-20,Technology,Accessories,29.99,1
2017-02-20,Office Supplies,Paper,16.5,1
2018-02-20,Furniture,Furnishings,90.93,2
2018-02-20,Furniture,Tables,386.91,1
2018-02-20,Office Supplies,Appliances,13.11,1
2018-02-20,Office Supplies,Art,6.56,1
2018-02-20,Office Supplies,Envelopes,10.64,1
2018-02-20,Office Supplies,Fasteners,9.43,1
2018-02-20,Office Supplies,Storage,51.17,1
2018-02-20,Technology,Accessories,31.99,1
2018-02-20,Technology,Phones,549.54,2
2016-03-20,Office Supplies,Binders,2.51,1
2016-03-20,Office Supplies,Fasteners,18.86,1
2016-03-20,Office Supplies,Paper,51.84,1
2016-03-20,Office Supplies,Storage,29.3,1
2017-03-20,Furniture,Furnishings,86.45,1
2017-03-20,Furniture,Tables,697.16,1
2017-03-20,Office Supplies,Binders,16.82,1
2017-03-20,Office Supplies,Paper,31.1,2
2017-03-20,Technology,Phones,96.78,2
2018-03-20,Furniture,Furnishings,2.91,1
2018-03-20,Office Supplies,Paper,392.73,3
2018-03-20,Technology,Accessories,503.93,2
2015-04-20,Furniture,Furnishings,59.92,1
2015-04-20,Furniture,Tables,1145.69,2
2015-04-20,Office Supplies,Storage,44.84,1
2016-04-20,Furniture,Furnishings,595.38,1
2016-04-20,Office Supplies,Envelopes,180.96,1
2016-04-20,Office Supplies,Paper,130.42,2
2016-04-20,Technology,Phones,287.97,1
2018-04-20,Furniture,Chairs,317.06,1
2018-04-20,Furniture,Furnishings,153.34,4
2018-04-20,Office Supplies,Art,15.76,1
2018-04-20,Office Supplies,Binders,183.42,2
2018-04-20,Office Supplies,Storage,384.04,2
2015-05-20,Furniture,Furnishings,150.19,2
2015-05-20,Office Supplies,Appliances,33.28,1
2015-05-20,Office Supplies,Art,38.52,1
2015-05-20,Office Supplies,Paper,10.37,1
2015-05-20,Office Supplies,Storage,66.96,1
2015-05-20,Technology,Accessories,20.78,1
2016-05-20,Furniture,Furnishings,163.14,1
2016-05-20,Office Supplies,Binders,6.41,1
2017-05-20,Furniture,Furnishings,1049.2,1
2017-05-20,Office Supplies,Binders,58.75,3
2017-05-20,Technology,Phones,1363.96,1
2018-05-20,Furniture,Chairs,518.27,1
2018-05-20,Furniture,Furnishings,6.98,1
2018-05-20,Office Supplies,Appliances,64.9,1
2018-05-20,Office Supplies,Art,179.36,3
2018-05-20,Office Supplies,Binders,49.57,2
2018-05-20,Office Supplies,Fasteners,7.41,1
2018-05-20,Office Supplies,Storage,704.76,1
2018-05-20,Technology,Machines,343.2,1
2018-05-20,Technology,Phones,1123.13,1
2015-06-20,Furniture,Bookcases,193.07,1
2015-06-20,Office Supplies,Appliances,471.9,1
2015-06-20,Office Supplies,Art,3.52,1
2015-06-20,Office Supplies,Binders,3.39,1
2015-06-20,Office Supplies,Paper,27.2,2
2015-06-20,Office Supplies,Storage,509.49,1
2015-06-20,Technology,Machines,418.8,1
2015-06-20,Technology,Phones,201.58,1
2016-06-20,Furniture,Furnishings,257.64,1
2016-06-20,Technology,Accessories,319.98,1
2016-06-20,Technology,Phones,251.92,2
2017-06-20,Furniture,Chairs,161.57,1
2017-06-20,Furniture,Furnishings,57.69,1
2017-06-20,Office Supplies,Appliances,469.48,2
2017-06-20,Office Supplies,Art,5.16,1
2017-06-20,Office Supplies,Binders,47.43,2
2017-06-20,Office Supplies,Paper,156.62,5
2017-06-20,Office Supplies,Storage,161.94,1
2017-06-20,Technology,Accessories,147.87,3
2017-06-20,Technology,Phones,21.8,1
2018-06-20,Office Supplies,Art,5.25,1
2018-06-20,Office Supplies,Binders,51.31,1
2018-06-20,Office Supplies,Labels,9.82,1
2018-06-20,Office Supplies,Paper,63.5,2
2018-06-20,Office Supplies,Storage,4.46,1
2018-06-20,Technology,Accessories,389.92,2
2018-06-20,Technology,Phones,503.96,1
2015-07-20,Furniture,Chairs,981.37,1
2015-07-20,Furniture,Furnishings,59.76,2
2015-07-20,Office Supplies,Art,13.12,1
2015-07-20,Office Supplies,Binders,125.78,3
2015-07-20,Office Supplies,Paper,159.56,4
2015-07-20,Office Supplies,Storage,904.26,3
2015-07-20,Technology,Accessories,41.94,1
2016-07-20,Furniture,Bookcases,1298.37,2
2016-07-20,Office Supplies,Binders,2.88,1
2016-07-20,Office Supplies,Envelopes,106.75,1
2016-07-20,Office Supplies,Paper,124.22,2
2016-07-20,Office Supplies,Storage,176.16,2
2016-07-20,Technology,Accessories,831.2,1
2016-07-20,Technology,Phones,153.58,1
2017-07-20,Technology,Phones,89.95,1
2018-07-20,Furniture,Chairs,346.7,2
2018-07-20,Furniture,Furnishings,192.71,2
2018-07-20,Office Supplies,Appliances,416.32,1
2018-07-20,Office Supplies,Binders,839.81,3
2018-07-20,Office Supplies,Labels,14.62,1
2018-07-20,Office Supplies,Paper,13.36,1
2018-07-20,Office Supplies,Storage,69.71,1
2018-07-20,Technology,Accessories,389.97,1
2015-08-20,Furniture,Chairs,921.61,2
2015-08-20,Office Supplies,Binders,896.99,1
2015-08-20,Office Supplies,Paper,20.12,1
2017-08-20,Technology,Phones,14.78,1
2018-08-20,Office Supplies,Binders,239.12,1
2018-08-20,Office Supplies,Paper,25.92,1
2018-08-20,Office Supplies,Storage,266.85,2
2018-08-20,Office Supplies,Supplies,17.22,1
2018-08-20,Technology,Phones,143.84,2
2015-09-20,Furniture,Bookcases,1657.94,3
2015-09-20,Furniture,Chairs,631.78,1
2015-09-20,Furniture,Furnishings,164.22,1
2015-09-20,Furniture,Tables,617.7,1
2015-09-20,Office Supplies,Appliances,74.9,2
2015-09-20,Office Supplies,Art,2.82,1
2015-09-20,Office Supplies,Binders,20.23,1
2015-09-20,Office Supplies,Labels,85.14,2
2015-09-20,Office Supplies,Paper,30.28,2
2015-09-20,Technology,Accessories,59.98,1
2015-09-20,Technology,Phones,1990.98,3
2016-09-20,Office Supplies,Binders,1480.28,5
2016-09-20,Office Supplies,Paper,61.4,1
2016-09-20,Office Supplies,Storage,294.37,1
2017-09-20,Furniture,Bookcases,163.88,1
2017-09-20,Furniture,Chairs,98.39,1
2017-09-20,Furniture,Furnishings,17.09,1
2017-09-20,Office Supplies,Appliances,393.25,1
2017-09-20,Office Supplies,Art,11.76,1
2017-09-20,Office Supplies,Binders,404.32,3
2017-09-20,Office Supplies,Paper,143.31,2
2018-09-20,Furniture,Chairs,5496.17,4
2018-09-20,Office Supplies,Binders,11.78,1
2018-09-20,Office Supplies,Fasteners,4.36,1
2018-09-20,Office Supplies,Paper,52.28,2
2018-09-20,Office Supplies,Storage,45.4,1
2018-09-20,Technology,Accessories,345.41,3
2018-09-20,Technology,Phones,1404.51,2
2015-10-20,Furniture,Tables,328.59,1
2015-10-20,Office Supplies,Binders,8.68,1
2015-10-20,Office Supplies,Labels,24.42,1
2015-10-20,Office Supplies,Paper,3.81,1
2015-10-20,Office Supplies,Storage,815.63,3
2015-10-20,Technology,Accessories,319.97,1
2016-10-20,Furniture,Furnishings,90.78,2
2016-10-20,Furniture,Tables,364.78,1
2016-10-20,Office Supplies,Paper,24.56,1
2016-10-20,Technology,Accessories,239.97,1
2017-10-20,Furniture,Chairs,443.82,2
2017-10-20,Furniture,Furnishings,61.1,1
2017-10-20,Office Supplies,Art,7.15,1
2017-10-20,Office Supplies,Binders,19.3,1
2017-10-20,Office Supplies,Fasteners,25.25,1
2017-10-20,Office Supplies,Paper,51.02,1
2017-10-20,Office Supplies,Storage,20.86,1
2017-10-20,Technology,Phones,317.68,2
2018-10-20,Furniture,Furnishings,43.94,1
2018-10-20,Furniture,Tables,284.36,1
2018-10-20,Office Supplies,Art,17.81,2
2018-10-20,Office Supplies,Binders,166.78,2
2018-10-20,Office Supplies,Labels,28.3,2
2018-10-20,Office Supplies,Paper,106.51,4
2018-10-20,Office Supplies,Storage,670.18,2
2018-10-20,Technology,Phones,15.98,1
2015-11-20,Office Supplies,Binders,12.96,1
2015-11-20,Office Supplies,Envelopes,34.74,1
2015-11-20,Office Supplies,Paper,25.92,1
2015-11-20,Technology,Phones,833.94,1
2016-11-20,Furniture,Bookcases,622.16,3
2016-11-20,Furniture,Chairs,916.53,2
2016-11-20,Furniture,Furnishings,118.0,3
2016-11-20,Office Supplies,Art,210.47,4
2016-11-20,Office Supplies,Binders,198.51,6
2016-11-20,Office Supplies,Labels,50.12,1
2016-11-20,Office Supplies,Paper,19.65,1
2016-11-20,Office Supplies,Storage,158.99,2
2016-11-20,Technology,Accessories,13.98,1
2016-11-20,Technology,Machines,479.99,1
2016-11-20,Technology,Phones,72.74,1
2017-11-20,Furniture,Bookcases,376.54,2
2017-11-20,Furniture,Chairs,318.43,1
2017-11-20,Furniture,Furnishings,7.07,1
2017-11-20,Office Supplies,Appliances,39.0,1
2017-11-20,Office Supplies,Binders,150.37,4
2017-11-20,Office Supplies,Fasteners,19.1,1
2017-11-20,Office Supplies,Labels,33.12,2
2017-11-20,Office Supplies,Paper,339.33,3
2017-11-20,Office Supplies,Storage,39.72,1
2017-11-20,Technology,Accessories,283.86,2
2017-11-20,Technology,Phones,1463.81,4
2018-11-20,Furniture,Bookcases,183.97,1
2018-11-20,Furniture,Chairs,493.49,2
2018-11-20,Furniture,Furnishings,203.41,5
2018-11-20,Office Supplies,Art,143.67,4
2018-11-20,Office Supplies,Binders,84.06,1
2018-11-20,Office Supplies,Paper,46.76,1
2018-11-20,Technology,Accessories,2.97,1
2018-11-20,Technology,Phones,1829.96,2
2015-12-20,Furniture,Chairs,1097.42,3
2015-12-20,Furniture,Furnishings,242.82,2
2015-12-20,Furniture,Tables,2699.58,2
2015-12-20,Office Supplies,Appliances,62.94,2
2015-12-20,Office Supplies,Art,51.43,2
2015-12-20,Office Supplies,Binders,1809.38,4
2015-12-20,Office Supplies,Labels,34.74,2
2015-12-20,Office Supplies,Paper,256.29,3
2015-12-20,Office Supplies,Storage,122.48,1
2015-12-20,Technology,Accessories,585.36,3
2016-12-20,Furniture,Bookcases,359.06,1
2016-12-20,Furniture,Furnishings,14.37,1
2016-12-20,Office Supplies,Appliances,36.27,1
2016-12-20,Office Supplies,Envelopes,7.92,1
2016-12-20,Office Supplies,Labels,11.7,1
2016-12-20,Office Supplies,Paper,72.6,2
2016-12-20,Office Supplies,Storage,88.8,1
2016-12-20,Technology,Accessories,356.77,2
2016-12-20,Technology,Phones,159.98,1
2017-12-20,Furniture,Furnishings,18.92,1
2017-12-20,Office Supplies,Binders,15.42,1
2017-12-20,Office Supplies,Paper,33.9,1
2017-12-20,Technology,Accessories,66.3,1
2018-12-20,Office Supplies,Binders,57.34,2
2018-12-20,Office Supplies,Paper,320.4,3
2017-01-21,Furniture,Chairs,1167.06,2
2018-01-21,Furniture,Bookcases,84.98,1
2018-01-21,Office Supplies,Binders,286.06,6
2018-01-21,Office Supplies,Envelopes,268.58,1
2018-01-21,Office Supplies,Storage,591.15,2
2018-01-21,Technology,Accessories,799.92,2
2018-01-21,Technology,Machines,350.97,1
2018-01-21,Technology,Phones,164.99,1
2015-02-21,Office Supplies,Binders,8.85,1
2016-02-21,Office Supplies,Binders,2541.98,1
2016-02-21,Office Supplies,Paper,49.12,1
2017-02-21,Furniture,Furnishings,204.75,2
2017-02-21,Office Supplies,Binders,88.43,4
2017-02-21,Office Supplies,Storage,1177.98,3
2017-02-21,Technology,Accessories,12.99,1
2017-02-21,Technology,Phones,39.98,1
2018-02-21,Technology,Accessories,47.9,1
2015-03-21,Furniture,Chairs,218.38,1
2015-03-21,Furniture,Furnishings,32.95,1
2015-03-21,Office Supplies,Art,22.78,3
2015-03-21,Office Supplies,Binders,122.94,1
2015-03-21,Office Supplies,Labels,73.6,2
2015-03-21,Office Supplies,Paper,122.97,1
2015-03-21,Office Supplies,Storage,16.27,1
2015-03-21,Technology,Phones,3499.93,1
2016-03-21,Office Supplies,Appliances,962.08,1
2016-03-21,Office Supplies,Binders,12.84,1
2016-03-21,Office Supplies,Paper,295.46,1
2017-03-21,Furniture,Chairs,528.43,1
2017-03-21,Furniture,Tables,99.37,1
2017-03-21,Office Supplies,Art,14.74,2
2017-03-21,Office Supplies,Binders,3.17,1
2018-03-21,Furniture,Chairs,1805.88,1
2018-03-21,Furniture,Furnishings,22.14,1
2018-03-21,Office Supplies,Appliances,64.38,1
2018-03-21,Office Supplies,Binders,50.02,3
2018-03-21,Office Supplies,Envelopes,8.86,1
2018-03-21,Office Supplies,Fasteners,13.02,1
2018-03-21,Office Supplies,Paper,283.18,2
2018-03-21,Office Supplies,Storage,1085.16,2
2015-04-21,Office Supplies,Binders,16.52,1
2015-04-21,Office Supplies,Storage,828.84,1
2016-04-21,Furniture,Chairs,191.96,1
2016-04-21,Furniture,Furnishings,209.88,1
2016-04-21,Office Supplies,Binders,21.3,1
2016-04-21,Technology,Phones,469.95,1
2017-04-21,Office Supplies,Appliances,48.79,1
2017-04-21,Office Supplies,Art,15.48,1
2017-04-21,Office Supplies,Binders,53.17,2
2017-04-21,Office Supplies,Paper,51.84,1
2017-04-21,Office Supplies,Storage,102.34,1
2018-04-21,Furniture,Chairs,908.82,1
2018-04-21,Furniture,Furnishings,162.6,1
2018-04-21,Office Supplies,Appliances,97.26,1
2018-04-21,Office Supplies,Binders,5.63,2
2018-04-21,Office Supplies,Paper,20.74,1
2018-04-21,Technology,Accessories,59.52,2
2015-05-21,Furniture,Chairs,107.77,1
2015-05-21,Office Supplies,Appliances,245.88,1
2015-05-21,Office Supplies,Art,31.84,1
2015-05-21,Office Supplies,Binders,3182.03,3
2015-05-21,Office Supplies,Envelopes,56.06,1
2015-05-21,Office Supplies,Paper,22.77,2
2015-05-21,Technology,Phones,617.97,1
2016-05-21,Office Supplies,Appliances,20.77,1
2016-05-21,Office Supplies,Binders,51.56,2
2017-05-21,Office Supplies,Binders,5.76,2
2017-05-21,Office Supplies,Paper,194.62,2
2017-05-21,Technology,Accessories,66.26,1
2017-05-21,Technology,Machines,2396.4,1
2017-05-21,Technology,Phones,55.18,1
2018-05-21,Furniture,Furnishings,520.05,1
2018-05-21,Office Supplies,Art,17.97,1
2015-06-21,Furniture,Furnishings,107.99,2
2015-06-21,Office Supplies,Appliances,104.12,2
2015-06-21,Office Supplies,Art,25.16,2
2015-06-21,Office Supplies,Binders,45.26,3
2015-06-21,Office Supplies,Envelopes,24.9,1
2015-06-21,Office Supplies,Paper,19.65,1
2015-06-21,Office Supplies,Storage,36.84,1
2015-06-21,Technology,Accessories,95.97,1
2015-06-21,Technology,Machines,206.99,1
2015-06-21,Technology,Phones,3440.57,4
2016-06-21,Technology,Phones,107.98,1
2017-06-21,Furniture,Bookcases,353.57,1
2017-06-21,Office Supplies,Binders,223.54,3
2018-06-21,Furniture,Furnishings,17.92,1
2018-06-21,Office Supplies,Binders,129.9,3
2018-06-21,Office Supplies,Paper,447.84,1
2015-07-21,Furniture,Chairs,1459.5,2
2015-07-21,Furniture,Tables,272.85,1
2015-07-21,Office Supplies,Appliances,4.99,1
2015-07-21,Office Supplies,Art,99.2,1
2015-07-21,Office Supplies,Binders,1.04,1
2015-07-21,Office Supplies,Envelopes,87.92,1
2015-07-21,Technology,Phones,35.98,1
2017-07-21,Furniture,Chairs,363.92,1
2017-07-21,Office Supplies,Art,18.66,1
2017-07-21,Office Supplies,Binders,13.03,2
2017-07-21,Office Supplies,Envelopes,419.9,1
2017-07-21,Office Supplies,Labels,9.41,2
2017-07-21,Office Supplies,Storage,166.18,2
2018-07-21,Furniture,Bookcases,302.94,1
2018-07-21,Furniture,Chairs,225.3,1
2018-07-21,Furniture,Furnishings,8.8,1
2018-07-21,Furniture,Tables,124.4,1
2018-07-21,Office Supplies,Appliances,17.48,1
2018-07-21,Office Supplies,Art,151.13,4
2018-07-21,Office Supplies,Binders,196.28,5
2018-07-21,Office Supplies,Paper,22.82,2
2018-07-21,Office Supplies,Storage,222.32,1
2018-07-21,Office Supplies,Supplies,231.72,1
2018-07-21,Technology,Phones,2180.64,4
2016-08-21,Furniture,Bookcases,586.4,1
2016-08-21,Furniture,Chairs,1142.47,2
2016-08-21,Furniture,Furnishings,25.98,1
2016-08-21,Office Supplies,Art,53.28,2
2016-08-21,Office Supplies,Binders,112.42,2
2016-08-21,Office Supplies,Paper,137.71,4
2016-08-21,Office Supplies,Storage,744.05,2
2016-08-21,Office Supplies,Supplies,3.49,1
2016-08-21,Technology,Accessories,21.73,1
2017-08-21,Furniture,Tables,3702.35,2
2017-08-21,Office Supplies,Binders,46.11,2
2017-08-21,Office Supplies,Labels,9.22,1
2017-08-21,Office Supplies,Paper,60.48,2
2017-08-21,Office Supplies,Supplies,28.05,1
2017-08-21,Technology,Accessories,254.97,1
2017-08-21,Technology,Phones,123.94,2
2018-08-21,Furniture,Chairs,1255.1,2
2018-08-21,Furniture,Furnishings,247.0,3
2018-08-21,Furniture,Tables,568.73,1
2018-08-21,Office Supplies,Appliances,203.52,1
2018-08-21,Office Supplies,Art,17.12,1
2018-08-21,Office Supplies,Binders,4454.78,3
2018-08-21,Office Supplies,Envelopes,15.28,1
2018-08-21,Office Supplies,Fasteners,35.0,1
2018-08-21,Office Supplies,Labels,51.75,1
2018-08-21,Office Supplies,Paper,361.28,2
2018-08-21,Office Supplies,Storage,572.58,1
2018-08-21,Office Supplies,Supplies,37.24,1
2018-08-21,Technology,Accessories,33.18,1
2018-08-21,Technology,Phones,431.97,1
2015-09-21,Furniture,Furnishings,8.54,1
2015-09-21,Office Supplies,Appliances,62.23,2
2015-09-21,Office Supplies,Art,125.55,2
2015-09-21,Office Supplies,Binders,6.57,1
2015-09-21,Office Supplies,Envelopes,93.91,2
2015-09-21,Office Supplies,Labels,20.81,1
2015-09-21,Office Supplies,Paper,75.7,4
2015-09-21,Technology,Copiers,1799.97,1
2015-09-21,Technology,Phones,486.37,2
2016-09-21,Furniture,Bookcases,194.32,1
2016-09-21,Furniture,Chairs,2834.52,3
2016-09-21,Furniture,Furnishings,90.23,2
2016-09-21,Office Supplies,Art,25.99,1
2016-09-21,Office Supplies,Binders,14.6,1
2016-09-21,Office Supplies,Envelopes,121.96,1
2016-09-21,Office Supplies,Fasteners,7.9,1
2016-09-21,Office Supplies,Paper,23.92,1
2016-09-21,Office Supplies,Storage,1237.5,4
2016-09-21,Technology,Accessories,151.2,1
2016-09-21,Technology,Phones,2279.92,4
2018-09-21,Office Supplies,Appliances,80.48,1
2018-09-21,Office Supplies,Binders,34.36,3
2018-09-21,Office Supplies,Paper,55.86,1
2018-09-21,Office Supplies,Storage,15.51,1
2018-09-21,Technology,Accessories,151.96,2
2015-10-21,Furniture,Tables,1000.91,2
2015-10-21,Office Supplies,Appliances,121.79,1
2015-10-21,Office Supplies,Art,2.84,1
2015-10-21,Office Supplies,Binders,36.36,1
2015-10-21,Office Supplies,Storage,194.7,1
2017-10-21,Furniture,Bookcases,1043.92,1
2017-10-21,Furniture,Chairs,242.14,1
2017-10-21,Furniture,Furnishings,19.96,1
2017-10-21,Furniture,Tables,661.18,1
2017-10-21,Office Supplies,Art,125.61,2
2017-10-21,Office Supplies,Binders,4567.1,3
2017-10-21,Office Supplies,Paper,58.8,2
2017-10-21,Office Supplies,Storage,711.82,4
2017-10-21,Office Supplies,Supplies,7.36,1
2017-10-21,Technology,Accessories,204.24,2
2017-10-21,Technology,Phones,235.15,1
2018-10-21,Furniture,Chairs,1162.43,2
2018-10-21,Furniture,Furnishings,45.7,1
2018-10-21,Furniture,Tables,262.11,1
2018-10-21,Office Supplies,Appliances,185.56,2
2018-10-21,Office Supplies,Art,17.86,1
2018-10-21,Office Supplies,Binders,75.5,4
2018-10-21,Office Supplies,Paper,9.25,2
2018-10-21,Office Supplies,Storage,980.5,2
2018-10-21,Technology,Accessories,28.4,1
2018-10-21,Technology,Phones,1769.91,2
2015-11-21,Office Supplies,Art,5.46,1
2015-11-21,Office Supplies,Envelopes,1.63,1
2015-11-21,Office Supplies,Paper,648.64,3
2015-11-21,Office Supplies,Storage,193.95,1
2015-11-21,Technology,Accessories,94.99,1
2015-11-21,Technology,Phones,304.95,2
2016-11-21,Furniture,Bookcases,388.09,2
2016-11-21,Furniture,Chairs,396.8,1
2016-11-21,Furniture,Furnishings,18.18,1
2016-11-21,Furniture,Tables,1252.7,1
2016-11-21,Office Supplies,Appliances,369.97,3
2016-11-21,Office Supplies,Art,16.26,2
2016-11-21,Office Supplies,Binders,75.72,3
2016-11-21,Office Supplies,Labels,28.22,2
2016-11-21,Office Supplies,Supplies,15.88,1
2016-11-21,Technology,Accessories,416.88,2
2016-11-21,Technology,Copiers,439.99,1
2016-11-21,Technology,Machines,83.9,1
2016-11-21,Technology,Phones,110.97,1
2017-11-21,Furniture,Bookcases,113.57,1
2017-11-21,Furniture,Chairs,322.69,2
2017-11-21,Furniture,Furnishings,77.95,1
2017-11-21,Office Supplies,Paper,124.25,4
2017-11-21,Office Supplies,Storage,21.57,1
2017-11-21,Technology,Accessories,81.58,1
2017-11-21,Technology,Machines,30.34,1
2017-11-21,Technology,Phones,404.94,1
2018-11-21,Furniture,Furnishings,27.42,1
2018-11-21,Furniture,Tables,70.98,1
2018-11-21,Office Supplies,Appliances,8.62,1
2018-11-21,Office Supplies,Art,17.32,2
2018-11-21,Office Supplies,Binders,191.54,2
2018-11-21,Office Supplies,Fasteners,9.02,1
2018-11-21,Office Supplies,Paper,60.29,2
2018-11-21,Office Supplies,Storage,95.86,2
2018-11-21,Technology,Machines,1039.99,1
2018-11-21,Technology,Phones,715.15,2
2015-12-21,Furniture,Chairs,1897.92,2
2015-12-21,Office Supplies,Binders,18.24,1
2015-12-21,Office Supplies,Labels,17.28,1
2016-12-21,Furniture,Furnishings,51.76,1
2016-12-21,Furniture,Tables,1618.37,1
2016-12-21,Office Supplies,Appliances,60.98,1
2016-12-21,Office Supplies,Art,62.91,2
2016-12-21,Office Supplies,Envelopes,27.31,1
2016-12-21,Technology,Accessories,787.92,3
2016-12-21,Technology,Machines,600.53,1
2016-12-21,Technology,Phones,47.98,1
2018-12-21,Furniture,Furnishings,15.92,1
2018-12-21,Office Supplies,Art,12.51,2
2018-12-21,Office Supplies,Binders,23.88,1
2018-12-21,Office Supplies,Paper,166.44,1
2018-12-21,Office Supplies,Storage,1499.72,3
2018-12-21,Office Supplies,Supplies,69.5,1
2018-12-21,Technology,Accessories,71.0,1
2018-12-21,Technology,Phones,281.97,1
2017-01-22,Furniture,Bookcases,451.14,1
2017-01-22,Furniture,Furnishings,124.17,2
2017-01-22,Office Supplies,Appliances,64.86,1
2017-01-22,Office Supplies,Binders,26.34,1
2017-01-22,Office Supplies,Fasteners,7.56,1
2017-01-22,Office Supplies,Labels,65.05,2
2017-01-22,Office Supplies,Paper,12.96,1
2017-01-22,Technology,Accessories,55.18,1
2017-01-22,Technology,Phones,110.38,1
2018-01-22,Office Supplies,Art,7.87,1
2018-01-22,Office Supplies,Fasteners,15.12,1
2018-01-22,Office Supplies,Paper,11.96,1
2018-01-22,Office Supplies,Storage,1177.47,2
2018-01-22,Technology,Copiers,2999.95,1
2015-02-22,Office Supplies,Paper,19.44,1
2016-02-22,Office Supplies,Art,79.36,1
2017-02-22,Office Supplies,Appliances,490.32,1
2017-02-22,Office Supplies,Fasteners,10.65,1
2017-02-22,Technology,Accessories,36.24,1
2017-02-22,Technology,Phones,445.96,1
2015-03-22,Furniture,Chairs,314.35,1
2015-03-22,Office Supplies,Art,16.28,1
2015-03-22,Office Supplies,Binders,59.11,2
2015-03-22,Office Supplies,Paper,74.35,1
2016-03-22,Furniture,Furnishings,91.96,1
2016-03-22,Office Supplies,Art,19.56,1
2016-03-22,Office Supplies,Binders,14.11,1
2016-03-22,Office Supplies,Paper,105.52,1
2016-03-22,Office Supplies,Storage,279.98,2
2016-03-22,Technology,Accessories,466.34,2
2016-03-22,Technology,Phones,1503.96,2
2017-03-22,Furniture,Chairs,167.89,1
2017-03-22,Technology,Accessories,58.58,1
2015-04-22,Office Supplies,Binders,9.91,1
2015-04-22,Office Supplies,Envelopes,247.84,1
2016-04-22,Office Supplies,Art,64.14,1
2016-04-22,Technology,Phones,88.78,1
2017-04-22,Furniture,Furnishings,141.74,3
2017-04-22,Furniture,Tables,1272.63,1
2017-04-22,Office Supplies,Appliances,78.27,1
2017-04-22,Office Supplies,Art,35.01,2
2017-04-22,Office Supplies,Binders,28.48,1
2017-04-22,Office Supplies,Storage,23.95,1
2017-04-22,Office Supplies,Supplies,185.38,1
2018-04-22,Furniture,Furnishings,272.63,2
2018-04-22,Office Supplies,Storage,675.06,1
2015-05-22,Technology,Phones,180.93,2
2016-05-22,Office Supplies,Labels,8.26,1
2016-05-22,Office Supplies,Storage,104.79,1
2016-05-22,Technology,Machines,2973.32,1
2016-05-22,Technology,Phones,775.73,1
2017-05-22,Furniture,Tables,174.29,1
2017-05-22,Office Supplies,Appliances,662.84,1
2017-05-22,Office Supplies,Envelopes,26.88,1
2017-05-22,Office Supplies,Labels,14.73,1
2017-05-22,Technology,Accessories,95.1,1
2017-05-22,Technology,Phones,825.36,3
2018-05-22,Furniture,Chairs,181.99,1
2018-05-22,Office Supplies,Art,62.18,3
2018-05-22,Office Supplies,Binders,1.59,1
2018-05-22,Office Supplies,Supplies,22.34,1
2018-05-22,Technology,Accessories,68.46,1
2015-06-22,Furniture,Chairs,1023.99,2
2015-06-22,Office Supplies,Binders,8.23,1
2015-06-22,Office Supplies,Storage,663.75,2
2015-06-22,Technology,Accessories,196.75,1
2015-06-22,Technology,Phones,82.78,1
2016-06-22,Furniture,Tables,796.42,1
2016-06-22,Office Supplies,Binders,1217.57,1
2016-06-22,Office Supplies,Fasteners,4.96,1
2018-06-22,Furniture,Chairs,487.96,1
2018-06-22,Office Supplies,Binders,44.52,3
2018-06-22,Office Supplies,Envelopes,37.61,1
2018-06-22,Office Supplies,Storage,8.93,1
2015-07-22,Furniture,Chairs,717.72,1
2015-07-22,Furniture,Tables,170.35,1
2015-07-22,Office Supplies,Art,37.16,3
2015-07-22,Office Supplies,Storage,263.13,2
2015-07-22,Technology,Accessories,159.98,1
2017-07-22,Furniture,Furnishings,39.07,2
2017-07-22,Office Supplies,Appliances,37.68,1
2017-07-22,Office Supplies,Art,33.36,2
2017-07-22,Office Supplies,Binders,5.4,1
2017-07-22,Office Supplies,Labels,6.3,1
2017-07-22,Office Supplies,Paper,84.24,2
2017-07-22,Office Supplies,Storage,965.85,1
2017-07-22,Office Supplies,Supplies,86.2,1
2017-07-22,Technology,Accessories,109.95,1
2018-07-22,Furniture,Chairs,526.34,1
2018-07-22,Technology,Phones,29.97,1
2015-08-22,Office Supplies,Art,3.91,1
2015-08-22,Office Supplies,Paper,11.56,1
2015-08-22,Office Supplies,Supplies,7.63,1
2016-08-22,Office Supplies,Art,16.52,1
2016-08-22,Office Supplies,Binders,50.11,1
2017-08-22,Furniture,Furnishings,98.33,1
2017-08-22,Office Supplies,Appliances,113.55,1
2017-08-22,Office Supplies,Art,5.76,1
2017-08-22,Office Supplies,Binders,33.98,3
2017-08-22,Office Supplies,Envelopes,134.29,1
2017-08-22,Office Supplies,Paper,19.44,1
2018-08-22,Furniture,Tables,524.54,2
2015-09-22,Furniture,Chairs,579.53,1
2015-09-22,Furniture,Furnishings,97.44,1
2015-09-22,Office Supplies,Art,13.04,1
2015-09-22,Office Supplies,Binders,3.98,1
2015-09-22,Office Supplies,Labels,4.61,1
2015-09-22,Office Supplies,Storage,541.67,3
2016-09-22,Furniture,Furnishings,252.58,2
2016-09-22,Office Supplies,Appliances,61.44,1
2016-09-22,Office Supplies,Art,2.82,1
2016-09-22,Office Supplies,Binders,3.2,1
2016-09-22,Office Supplies,Labels,12.0,1
2016-09-22,Office Supplies,Paper,32.4,1
2016-09-22,Office Supplies,Storage,745.49,2
2016-09-22,Office Supplies,Supplies,55.6,1
2016-09-22,Technology,Accessories,617.98,1
2017-09-22,Furniture,Furnishings,100.67,3
2017-09-22,Office Supplies,Art,48.65,2
2017-09-22,Office Supplies,Binders,7.51,1
2017-09-22,Office Supplies,Labels,33.08,2
2017-09-22,Office Supplies,Paper,35.88,1
2017-09-22,Office Supplies,Storage,128.34,1
2017-09-22,Technology,Phones,63.94,1
2018-09-22,Furniture,Bookcases,241.96,1
2018-09-22,Furniture,Furnishings,12.07,1
2018-09-22,Office Supplies,Art,17.94,1
2018-09-22,Office Supplies,Binders,782.01,5
2018-09-22,Office Supplies,Envelopes,13.39,1
2018-09-22,Office Supplies,Labels,27.72,1
2018-09-22,Office Supplies,Paper,259.98,3
2018-09-22,Office Supplies,Storage,67.4,1
2018-09-22,Office Supplies,Supplies,4685.7,2
2018-09-22,Technology,Accessories,1284.09,4
2018-09-22,Technology,Phones,478.95,2
2015-10-22,Furniture,Furnishings,223.81,2
2016-10-22,Office Supplies,Binders,5.18,1
2016-10-22,Office Supplies,Storage,9.95,1
2017-10-22,Furniture,Furnishings,173.26,3
2017-10-22,Office Supplies,Art,8.34,1
2017-10-22,Office Supplies,Paper,6.68,1
2018-10-22,Furniture,Chairs,579.14,1
2018-10-22,Furniture,Tables,426.2,2
2018-10-22,Office Supplies,Art,36.44,1
2018-10-22,Office Supplies,Binders,3.17,1
2018-10-22,Office Supplies,Envelopes,95.58,2
2018-10-22,Office Supplies,Storage,333.09,1
2018-10-22,Technology,Copiers,11199.97,1
2018-10-22,Technology,Phones,2485.29,3
2015-11-22,Office Supplies,Appliances,675.12,1
2015-11-22,Office Supplies,Binders,336.81,3
2015-11-22,Office Supplies,Envelopes,27.59,2
2015-11-22,Office Supplies,Paper,63.78,2
2016-11-22,Furniture,Tables,206.96,1
2016-11-22,Office Supplies,Appliances,68.81,1
2016-11-22,Office Supplies,Art,17.12,1
2016-11-22,Office Supplies,Binders,17.1,3
2016-11-22,Office Supplies,Fasteners,55.1,1
2016-11-22,Office Supplies,Paper,155.62,4
2016-11-22,Office Supplies,Storage,33.63,1
2016-11-22,Technology,Accessories,27.17,1
2016-11-22,Technology,Machines,32.98,1
2017-11-22,Furniture,Furnishings,39.88,1
2017-11-22,Office Supplies,Art,44.44,2
2017-11-22,Office Supplies,Binders,206.61,5
2017-11-22,Office Supplies,Labels,2.09,1
2017-11-22,Technology,Accessories,24.03,1
2018-11-22,Office Supplies,Art,35.71,1
2015-12-22,Office Supplies,Art,11.76,1
2015-12-22,Office Supplies,Binders,314.62,2
2015-12-22,Office Supplies,Paper,124.03,1
2015-12-22,Office Supplies,Storage,348.56,2
2016-12-22,Furniture,Chairs,422.63,1
2016-12-22,Office Supplies,Art,17.12,1
2016-12-22,Office Supplies,Storage,33.57,1
2017-12-22,Furniture,Furnishings,919.3,4
2017-12-22,Office Supplies,Binders,112.26,3
2017-12-22,Technology,Machines,11.56,1
2018-12-22,Furniture,Bookcases,220.98,1
2018-12-22,Furniture,Chairs,1728.65,2
2018-12-22,Furniture,Tables,2136.83,4
2018-12-22,Office Supplies,Appliances,898.67,2
2018-12-22,Office Supplies,Art,27.3,2
2018-12-22,Office Supplies,Binders,7.97,2
2018-12-22,Office Supplies,Envelopes,7.82,1
2018-12-22,Office Supplies,Labels,18.45,1
2018-12-22,Office Supplies,Paper,101.8,2
2018-12-22,Office Supplies,Storage,94.64,3
2018-12-22,Office Supplies,Supplies,695.16,1
2018-12-22,Technology,Accessories,806.75,4
2018-12-22,Technology,Phones,697.0,2
2015-01-23,Office Supplies,Paper,40.08,1
2016-01-23,Office Supplies,Labels,14.62,1
2016-01-23,Office Supplies,Paper,29.04,1
2017-01-23,Furniture,Furnishings,59.99,1
2017-01-23,Office Supplies,Art,8.04,1
2017-01-23,Office Supplies,Storage,1564.29,1
2017-01-23,Technology,Accessories,99.98,1
2018-01-23,Furniture,Tables,210.98,1
2018-01-23,Office Supplies,Binders,24.62,2
2018-01-23,Office Supplies,Paper,32.4,2
2018-01-23,Technology,Accessories,95.98,1
2018-01-23,Technology,Phones,86.35,1
2015-02-23,Office Supplies,Binders,4.43,1
2015-02-23,Office Supplies,Labels,6.94,1
2016-02-23,Office Supplies,Appliances,26.88,1
2016-02-23,Office Supplies,Binders,10.9,1
2017-02-23,Office Supplies,Envelopes,57.58,1
2018-02-23,Office Supplies,Fasteners,8.4,1
2018-02-23,Office Supplies,Paper,37.44,1
2018-02-23,Technology,Phones,71.96,1
2015-03-23,Office Supplies,Labels,9.91,1
2015-03-23,Office Supplies,Storage,330.4,1
2015-03-23,Technology,Phones,604.75,1
2016-03-23,Furniture,Chairs,107.77,1
2016-03-23,Office Supplies,Fasteners,31.56,1
2016-03-23,Office Supplies,Paper,226.08,2
2016-03-23,Office Supplies,Storage,27.92,1
2016-03-23,Technology,Accessories,239.97,1
2018-03-23,Furniture,Furnishings,211.84,1
2018-03-23,Office Supplies,Binders,34.76,1
2018-03-23,Office Supplies,Paper,45.72,2
2018-03-23,Office Supplies,Storage,176.21,2
2018-03-23,Office Supplies,Supplies,347.58,1
2018-03-23,Technology,Copiers,13999.96,1
2015-04-23,Furniture,Chairs,562.74,2
2015-04-23,Furniture,Furnishings,22.34,1
2015-04-23,Office Supplies,Binders,9.99,2
2015-04-23,Office Supplies,Paper,48.91,1
2017-04-23,Office Supplies,Binders,269.61,2
2017-04-23,Office Supplies,Envelopes,71.97,1
2017-04-23,Office Supplies,Paper,222.88,3
2017-04-23,Office Supplies,Storage,55.92,1
2017-04-23,Technology,Accessories,99.99,1
2018-04-23,Furniture,Bookcases,387.14,1
2018-04-23,Furniture,Furnishings,180.12,4
2018-04-23,Office Supplies,Appliances,121.94,1
2018-04-23,Office Supplies,Binders,104.64,2
2018-04-23,Office Supplies,Envelopes,18.69,1
2018-04-23,Office Supplies,Labels,3.0,1
2018-04-23,Office Supplies,Paper,5.34,1
2018-04-23,Office Supplies,Supplies,177.61,2
2018-04-23,Technology,Accessories,200.75,2
2015-05-23,Office Supplies,Appliances,208.16,1
2015-05-23,Office Supplies,Art,21.17,1
2015-05-23,Office Supplies,Binders,21.24,2
2015-05-23,Office Supplies,Paper,12.96,1
2015-05-23,Office Supplies,Supplies,5.04,1
2015-05-23,Technology,Phones,55.19,1
2016-05-23,Furniture,Furnishings,75.33,1
2016-05-23,Office Supplies,Appliances,972.29,2
2016-05-23,Office Supplies,Binders,19.19,1
2016-05-23,Office Supplies,Envelopes,186.69,1
2016-05-23,Office Supplies,Storage,51.45,1
2017-05-23,Furniture,Furnishings,37.05,1
2017-05-23,Office Supplies,Binders,6.29,1
2017-05-23,Office Supplies,Paper,15.35,2
2017-05-23,Technology,Copiers,8399.98,1
2017-05-23,Technology,Phones,2102.31,2
2018-05-23,Furniture,Tables,171.29,1
2018-05-23,Office Supplies,Appliances,18.32,1
2018-05-23,Office Supplies,Binders,1.19,1
2018-05-23,Office Supplies,Fasteners,1.82,1
2018-05-23,Office Supplies,Storage,48.82,1
2015-06-23,Office Supplies,Art,20.02,1
2015-06-23,Office Supplies,Supplies,3.1,1
2015-06-23,Technology,Accessories,86.38,1
2016-06-23,Furniture,Furnishings,27.42,1
2016-06-23,Office Supplies,Binders,165.98,1
2016-06-23,Office Supplies,Fasteners,5.43,1
2016-06-23,Technology,Accessories,75.0,1
2016-06-23,Technology,Phones,563.13,3
2017-06-23,Office Supplies,Fasteners,3.96,1
2017-06-23,Office Supplies,Labels,188.33,4
2017-06-23,Office Supplies,Paper,166.71,2
2017-06-23,Office Supplies,Storage,418.58,2
2017-06-23,Office Supplies,Supplies,835.17,1
2017-06-23,Technology,Phones,862.34,1
2015-07-23,Office Supplies,Art,9.24,1
2015-07-23,Office Supplies,Binders,8.16,1
2015-07-23,Office Supplies,Supplies,40.7,1
2015-07-23,Technology,Accessories,1647.96,4
2015-07-23,Technology,Phones,907.13,2
2016-07-23,Furniture,Furnishings,128.82,1
2016-07-23,Office Supplies,Appliances,68.94,1
2016-07-23,Office Supplies,Binders,10.51,1
2017-07-23,Office Supplies,Appliances,23.7,1
2017-07-23,Office Supplies,Art,215.58,3
2017-07-23,Office Supplies,Binders,16.17,2
2017-07-23,Office Supplies,Paper,5.18,1
2017-07-23,Office Supplies,Supplies,13.34,1
2017-07-23,Technology,Machines,265.48,1
2017-07-23,Technology,Phones,115.14,1
2018-07-23,Office Supplies,Art,133.22,2
2018-07-23,Office Supplies,Binders,42.24,3
2018-07-23,Office Supplies,Labels,41.4,1
2018-07-23,Office Supplies,Paper,121.63,2
2018-07-23,Technology,Accessories,559.7,2
2015-08-23,Furniture,Furnishings,4.22,1
2015-08-23,Office Supplies,Binders,49.57,1
2015-08-23,Office Supplies,Paper,360.99,6
2015-08-23,Office Supplies,Supplies,6.8,1
2015-08-23,Technology,Phones,143.64,1
2016-08-23,Office Supplies,Appliances,574.57,3
2016-08-23,Office Supplies,Fasteners,12.03,1
2016-08-23,Office Supplies,Labels,8.64,1
2016-08-23,Office Supplies,Paper,323.45,4
2016-08-23,Office Supplies,Supplies,31.68,1
2016-08-23,Technology,Accessories,251.91,1
2017-08-23,Furniture,Chairs,532.7,1
2017-08-23,Furniture,Furnishings,22.61,1
2017-08-23,Office Supplies,Appliances,1083.9,2
2017-08-23,Office Supplies,Art,50.64,2
2017-08-23,Office Supplies,Envelopes,135.9,1
2017-08-23,Office Supplies,Labels,62.79,2
2017-08-23,Office Supplies,Paper,34.68,1
2017-08-23,Office Supplies,Storage,742.27,2
2017-08-23,Office Supplies,Supplies,15.88,1
2017-08-23,Technology,Accessories,668.38,2
2017-08-23,Technology,Machines,837.6,1
2018-08-23,Furniture,Furnishings,2.78,1
2018-08-23,Office Supplies,Appliances,161.38,1
2018-08-23,Office Supplies,Paper,58.29,2
2018-08-23,Technology,Phones,4367.9,1
2015-09-23,Furniture,Bookcases,436.0,1
2015-09-23,Office Supplies,Art,9.84,1
2015-09-23,Office Supplies,Binders,9666.41,6
2015-09-23,Office Supplies,Paper,61.2,2
2015-09-23,Office Supplies,Storage,404.9,1
2015-09-23,Technology,Phones,83.98,1
2017-09-23,Furniture,Chairs,553.72,2
2017-09-23,Furniture,Furnishings,560.7,2
2017-09-23,Office Supplies,Art,4.91,1
2017-09-23,Office Supplies,Binders,35.95,3
2017-09-23,Office Supplies,Envelopes,4.08,1
2017-09-23,Office Supplies,Labels,18.9,1
2017-09-23,Office Supplies,Paper,11.95,1
2017-09-23,Office Supplies,Storage,118.25,1
2017-09-23,Office Supplies,Supplies,13.68,1
2018-09-23,Furniture,Bookcases,180.59,1
2018-09-23,Furniture,Chairs,594.82,1
2018-09-23,Furniture,Furnishings,29.33,1
2018-09-23,Office Supplies,Appliances,354.1,3
2018-09-23,Office Supplies,Binders,105.66,3
2018-09-23,Office Supplies,Envelopes,14.35,1
2018-09-23,Office Supplies,Paper,505.62,5
2018-09-23,Office Supplies,Storage,31.44,1
2018-09-23,Technology,Accessories,539.89,3
2018-09-23,Technology,Phones,39.98,1
2016-10-23,Furniture,Chairs,1275.1,3
2016-10-23,Office Supplies,Art,10.69,1
2016-10-23,Office Supplies,Binders,9.67,2
2016-10-23,Office Supplies,Envelopes,11.8,1
2016-10-23,Office Supplies,Paper,108.58,3
2016-10-23,Technology,Accessories,148.32,1
2016-10-23,Technology,Copiers,479.98,1
2016-10-23,Technology,Phones,218.15,3
2017-10-23,Furniture,Furnishings,16.16,1
2017-10-23,Office Supplies,Fasteners,17.05,1
2017-10-23,Office Supplies,Paper,434.22,2
2018-10-23,Furniture,Furnishings,314.76,3
2018-10-23,Furniture,Tables,878.64,2
2018-10-23,Office Supplies,Appliances,2.22,1
2018-10-23,Office Supplies,Art,10.27,1
2018-10-23,Office Supplies,Binders,13.33,2
2018-10-23,Office Supplies,Paper,81.4,3
2018-10-23,Office Supplies,Storage,272.86,2
2018-10-23,Technology,Accessories,55.2,1
2018-10-23,Technology,Phones,1723.72,3
2015-11-23,Furniture,Chairs,1140.73,3
2015-11-23,Furniture,Furnishings,6.37,1
2015-11-23,Office Supplies,Appliances,34.18,1
2015-11-23,Office Supplies,Binders,14.67,1
2015-11-23,Office Supplies,Envelopes,108.12,3
2015-11-23,Office Supplies,Labels,23.68,1
2015-11-23,Technology,Accessories,35.53,2
2016-11-23,Office Supplies,Appliances,2625.12,1
2016-11-23,Office Supplies,Art,31.06,2
2016-11-23,Office Supplies,Binders,23.91,1
2016-11-23,Office Supplies,Envelopes,16.56,1
2016-11-23,Office Supplies,Paper,418.5,3
2016-11-23,Office Supplies,Storage,27.06,1
2016-11-23,Technology,Phones,307.98,1
2017-11-23,Furniture,Furnishings,84.82,2
2017-11-23,Office Supplies,Fasteners,15.8,1
2018-11-23,Furniture,Furnishings,58.91,3
2018-11-23,Furniture,Tables,127.78,1
2018-11-23,Office Supplies,Art,3.3,1
2018-11-23,Office Supplies,Binders,301.5,3
2018-11-23,Office Supplies,Labels,11.52,1
2018-11-23,Office Supplies,Paper,125.28,3
2018-11-23,Office Supplies,Supplies,4.36,1
2018-11-23,Technology,Accessories,74.11,1
2018-11-23,Technology,Phones,446.34,3
2015-12-23,Furniture,Chairs,64.78,1
2015-12-23,Furniture,Tables,53.32,1
2015-12-23,Office Supplies,Appliances,263.76,2
2015-12-23,Office Supplies,Art,1.34,1
2015-12-23,Office Supplies,Paper,50.71,2
2015-12-23,Office Supplies,Storage,508.19,2
2016-12-23,Office Supplies,Appliances,194.32,1
2017-12-23,Furniture,Bookcases,141.37,1
2017-12-23,Furniture,Furnishings,861.47,3
2017-12-23,Office Supplies,Art,13.02,2
2017-12-23,Office Supplies,Binders,5.55,1
2017-12-23,Office Supplies,Envelopes,61.96,1
2017-12-23,Office Supplies,Fasteners,24.85,1
2017-12-23,Office Supplies,Labels,45.36,1
2017-12-23,Office Supplies,Paper,93.81,3
2017-12-23,Office Supplies,Storage,1345.2,2
2017-12-23,Technology,Copiers,1999.96,1
2017-12-23,Technology,Phones,2373.31,4
2018-12-23,Furniture,Furnishings,282.11,3
2018-12-23,Office Supplies,Appliances,29.31,1
2018-12-23,Office Supplies,Art,25.74,2
2018-12-23,Office Supplies,Binders,13.84,1
2018-12-23,Office Supplies,Envelopes,182.94,1
2018-12-23,Office Supplies,Paper,249.5,3
2018-12-23,Office Supplies,Storage,648.35,3
2018-12-23,Technology,Phones,494.97,1
2016-01-24,Office Supplies,Art,13.12,1
2017-01-24,Office Supplies,Binders,31.36,1
2018-01-24,Office Supplies,Appliances,25.86,1
2018-01-24,Office Supplies,Binders,276.78,1
2018-01-24,Office Supplies,Fasteners,5.67,1
2018-01-24,Technology,Phones,110.35,1
2015-02-24,Office Supplies,Paper,55.67,2
2018-02-24,Office Supplies,Binders,4.96,1
2018-02-24,Office Supplies,Paper,123.92,1
2018-02-24,Technology,Accessories,1319.8,1
2015-03-24,Furniture,Furnishings,40.48,1
2015-03-24,Office Supplies,Paper,24.9,1
2016-03-24,Furniture,Bookcases,359.06,1
2016-03-24,Furniture,Furnishings,46.9,1
2016-03-24,Office Supplies,Appliances,6.99,1
2017-03-24,Furniture,Bookcases,301.47,1
2017-03-24,Office Supplies,Art,18.66,1
2017-03-24,Office Supplies,Paper,22.48,1
2017-03-24,Technology,Phones,403.17,1
2018-03-24,Furniture,Chairs,479.61,2
2018-03-24,Office Supplies,Envelopes,47.01,1
2018-03-24,Office Supplies,Paper,221.92,1
2018-03-24,Office Supplies,Storage,12.77,1
2018-03-24,Technology,Accessories,26.0,1
2018-03-24,Technology,Phones,469.99,1
2016-04-24,Office Supplies,Art,25.99,1
2017-04-24,Furniture,Chairs,1325.76,1
2017-04-24,Office Supplies,Binders,7.09,2
2017-04-24,Office Supplies,Paper,15.55,1
2017-04-24,Technology,Accessories,258.7,1
2018-04-24,Office Supplies,Appliances,99.28,1
2018-04-24,Office Supplies,Binders,19.14,3
2018-04-24,Office Supplies,Fasteners,1.81,1
2018-04-24,Office Supplies,Storage,186.35,2
2018-04-24,Technology,Accessories,69.98,1
2018-04-24,Technology,Phones,552.0,1
2015-05-24,Office Supplies,Paper,116.28,1
2016-05-24,Furniture,Chairs,602.65,1
2016-05-24,Office Supplies,Binders,7.66,1
2017-05-24,Office Supplies,Art,16.66,1
2017-05-24,Office Supplies,Paper,191.6,1
2017-05-24,Office Supplies,Supplies,69.5,1
2015-06-24,Furniture,Furnishings,4.27,1
2017-06-24,Office Supplies,Appliances,250.15,2
2017-06-24,Office Supplies,Paper,104.85,1
2017-06-24,Technology,Machines,4476.8,1
2017-06-24,Technology,Phones,479.15,2
2018-06-24,Furniture,Chairs,172.76,1
2018-06-24,Furniture,Furnishings,276.69,1
2018-06-24,Office Supplies,Art,517.34,3
2018-06-24,Office Supplies,Binders,182.99,1
2018-06-24,Office Supplies,Fasteners,2.88,1
2018-06-24,Office Supplies,Paper,32.02,2
2016-07-24,Furniture,Furnishings,20.94,1
2016-07-24,Office Supplies,Binders,225.15,2
2016-07-24,Technology,Accessories,279.86,1
2017-07-24,Furniture,Chairs,253.76,1
2017-07-24,Office Supplies,Art,73.2,1
2018-07-24,Technology,Copiers,2399.96,1
2015-08-24,Furniture,Furnishings,13.28,1
2015-08-24,Office Supplies,Binders,20.96,2
2015-08-24,Office Supplies,Supplies,25.5,1
2016-08-24,Furniture,Furnishings,14.91,1
2016-08-24,Furniture,Tables,1203.15,2
2016-08-24,Office Supplies,Art,7.15,1
2016-08-24,Office Supplies,Binders,2.72,1
2016-08-24,Office Supplies,Labels,6.91,1
2016-08-24,Office Supplies,Storage,2159.02,3
2016-08-24,Technology,Accessories,105.96,2
2016-08-24,Technology,Machines,3080.0,1
2016-08-24,Technology,Phones,614.95,2
2018-08-24,Office Supplies,Appliances,646.27,1
2018-08-24,Office Supplies,Binders,28.42,2
2018-08-24,Office Supplies,Paper,10.37,1
2015-09-24,Office Supplies,Storage,211.96,1
2016-09-24,Furniture,Chairs,1925.6,2
2016-09-24,Furniture,Furnishings,14.91,1
2016-09-24,Office Supplies,Appliances,1158.12,1
2016-09-24,Office Supplies,Art,90.97,5
2016-09-24,Office Supplies,Binders,36.92,3
2016-09-24,Office Supplies,Envelopes,15.84,1
2016-09-24,Office Supplies,Labels,24.42,1
2016-09-24,Office Supplies,Storage,33.57,1
2016-09-24,Technology,Accessories,23.2,1
2016-09-24,Technology,Phones,857.06,2
2017-09-24,Furniture,Chairs,718.61,2
2017-09-24,Furniture,Furnishings,212.59,3
2017-09-24,Office Supplies,Binders,448.75,2
2017-09-24,Office Supplies,Envelopes,304.9,1
2017-09-24,Office Supplies,Paper,48.18,2
2017-09-24,Office Supplies,Storage,553.02,2
2018-09-24,Furniture,Chairs,1124.38,2
2018-09-24,Furniture,Furnishings,302.86,2
2018-09-24,Office Supplies,Art,27.0,2
2018-09-24,Office Supplies,Binders,54.28,2
2018-09-24,Office Supplies,Labels,251.69,2
2018-09-24,Office Supplies,Paper,42.5,2
2018-09-24,Office Supplies,Storage,55.8,2
2018-09-24,Office Supplies,Supplies,7.3,1
2018-09-24,Technology,Accessories,745.78,3
2018-09-24,Technology,Machines,506.28,1
2018-09-24,Technology,Phones,3332.58,6
2015-10-24,Office Supplies,Binders,34.27,1
2015-10-24,Office Supplies,Fasteners,11.85,1
2015-10-24,Office Supplies,Paper,10.37,1
2016-10-24,Furniture,Chairs,454.27,1
2016-10-24,Furniture,Tables,347.36,1
2016-10-24,Office Supplies,Binders,3.59,1
2016-10-24,Office Supplies,Paper,25.92,2
2017-10-24,Office Supplies,Paper,15.55,1
2017-10-24,Technology,Accessories,1109.97,4
2017-10-24,Technology,Phones,239.98,1
2018-10-24,Furniture,Tables,517.4,1
2018-10-24,Office Supplies,Fasteners,11.68,1
2015-11-24,Furniture,Chairs,731.77,2
2015-11-24,Furniture,Furnishings,298.04,3
2015-11-24,Office Supplies,Art,154.54,2
2015-11-24,Office Supplies,Binders,12.1,1
2015-11-24,Office Supplies,Labels,196.62,1
2015-11-24,Office Supplies,Paper,186.0,3
2015-11-24,Office Supplies,Storage,1329.66,3
2015-11-24,Technology,Accessories,111.79,1
2015-11-24,Technology,Phones,2552.35,2
2016-11-24,Furniture,Furnishings,79.76,1
2016-11-24,Office Supplies,Art,14.7,1
2016-11-24,Office Supplies,Binders,120.38,3
2016-11-24,Office Supplies,Paper,535.08,3
2016-11-24,Office Supplies,Storage,454.86,1
2016-11-24,Technology,Accessories,13.98,1
2017-11-24,Furniture,Bookcases,339.92,1
2017-11-24,Furniture,Chairs,1684.75,1
2017-11-24,Furniture,Furnishings,299.96,3
2017-11-24,Office Supplies,Appliances,42.38,1
2017-11-24,Office Supplies,Art,14.04,1
2017-11-24,Office Supplies,Binders,1237.18,2
2017-11-24,Office Supplies,Envelopes,40.75,1
2017-11-24,Office Supplies,Fasteners,8.76,2
2017-11-24,Office Supplies,Paper,127.7,5
2017-11-24,Office Supplies,Storage,41.92,1
2017-11-24,Office Supplies,Supplies,25.35,1
2017-11-24,Technology,Accessories,1840.75,6
2017-11-24,Technology,Phones,691.07,2
2018-11-24,Furniture,Bookcases,321.57,1
2018-11-24,Furniture,Chairs,977.29,1
2018-11-24,Furniture,Tables,435.17,2
2018-11-24,Office Supplies,Appliances,13.76,1
2018-11-24,Office Supplies,Art,44.14,2
2018-11-24,Office Supplies,Binders,382.13,5
2018-11-24,Office Supplies,Envelopes,232.81,2
2018-11-24,Office Supplies,Fasteners,10.82,1
2018-11-24,Office Supplies,Paper,256.16,4
2018-11-24,Office Supplies,Storage,1893.12,3
2018-11-24,Technology,Phones,169.09,2
2015-12-24,Furniture,Chairs,292.27,1
2015-12-24,Furniture,Furnishings,54.35,2
2015-12-24,Office Supplies,Appliances,375.93,2
2015-12-24,Office Supplies,Paper,9.57,1
2015-12-24,Office Supplies,Storage,163.2,2
2015-12-24,Technology,Accessories,62.85,1
2015-12-24,Technology,Phones,992.03,2
2016-12-24,Furniture,Bookcases,590.06,1
2016-12-24,Furniture,Chairs,883.84,1
2016-12-24,Furniture,Furnishings,90.1,3
2016-12-24,Office Supplies,Art,41.21,2
2016-12-24,Office Supplies,Binders,39.71,2
2016-12-24,Office Supplies,Fasteners,51.5,2
2016-12-24,Office Supplies,Labels,21.56,1
2016-12-24,Office Supplies,Paper,274.69,4
2016-12-24,Technology,Copiers,4899.93,1
2016-12-24,Technology,Machines,479.99,1
2016-12-24,Technology,Phones,111.98,1
2017-12-24,Furniture,Furnishings,843.52,2
2017-12-24,Office Supplies,Binders,27.88,1
2017-12-24,Office Supplies,Envelopes,39.76,1
2017-12-24,Office Supplies,Paper,33.4,1
2017-12-24,Office Supplies,Storage,540.05,1
2017-12-24,Technology,Accessories,255.68,1
2017-12-24,Technology,Phones,197.97,1
2018-12-24,Furniture,Chairs,1347.02,3
2018-12-24,Furniture,Furnishings,46.47,2
2018-12-24,Office Supplies,Appliances,35.91,1
2018-12-24,Office Supplies,Binders,156.35,5
2018-12-24,Office Supplies,Paper,19.44,1
2018-12-24,Office Supplies,Storage,1267.94,2
2018-12-24,Technology,Copiers,2879.95,1
2018-12-24,Technology,Machines,479.97,1
2017-01-25,Furniture,Furnishings,45.98,1
2017-01-25,Furniture,Tables,313.72,1
2017-01-25,Office Supplies,Art,9.21,1
2017-01-25,Office Supplies,Binders,43.12,1
2017-01-25,Office Supplies,Paper,18.0,1
2017-01-25,Office Supplies,Storage,428.68,1
2016-02-25,Office Supplies,Labels,3.15,1
2016-02-25,Office Supplies,Paper,22.72,1
2017-02-25,Office Supplies,Envelopes,46.72,1
2018-02-25,Furniture,Bookcases,231.92,1
2018-02-25,Furniture,Chairs,196.78,1
2018-02-25,Office Supplies,Binders,1.79,1
2015-03-25,Furniture,Chairs,366.79,1
2015-03-25,Office Supplies,Art,46.88,3
2015-03-25,Technology,Accessories,45.48,1
2017-03-25,Office Supplies,Art,59.52,1
2017-03-25,Technology,Accessories,1287.45,1
2018-03-25,Furniture,Chairs,1986.52,3
2018-03-25,Office Supplies,Appliances,176.04,1
2018-03-25,Office Supplies,Art,50.17,3
2018-03-25,Office Supplies,Binders,185.92,1
2018-03-25,Office Supplies,Paper,6.85,1
2018-03-25,Technology,Copiers,479.98,1
2018-03-25,Technology,Phones,681.54,2
2015-04-25,Furniture,Chairs,1487.04,1
2015-04-25,Furniture,Furnishings,303.25,1
2015-04-25,Office Supplies,Appliances,270.72,1
2015-04-25,Office Supplies,Art,6.24,1
2015-04-25,Office Supplies,Paper,10.37,1
2015-04-25,Technology,Phones,302.38,1
2016-04-25,Furniture,Chairs,128.06,1
2016-04-25,Office Supplies,Appliances,478.83,2
2016-04-25,Office Supplies,Art,57.75,1
2016-04-25,Office Supplies,Binders,13.94,1
2016-04-25,Office Supplies,Envelopes,21.34,1
2016-04-25,Office Supplies,Storage,221.02,1
2017-04-25,Office Supplies,Binders,25.62,2
2017-04-25,Technology,Phones,82.8,1
2018-04-25,Furniture,Bookcases,344.98,1
2018-04-25,Office Supplies,Art,118.86,3
2018-04-25,Office Supplies,Binders,87.25,2
2018-04-25,Office Supplies,Paper,19.05,1
2018-04-25,Technology,Accessories,107.97,1
2015-05-25,Furniture,Furnishings,29.32,1
2015-05-25,Office Supplies,Appliances,75.6,1
2015-05-25,Office Supplies,Paper,14.62,1
2016-05-25,Furniture,Furnishings,14.73,1
2016-05-25,Office Supplies,Appliances,845.73,1
2016-05-25,Office Supplies,Art,21.24,1
2016-05-25,Office Supplies,Binders,127.96,1
2016-05-25,Office Supplies,Paper,32.37,1
2016-05-25,Office Supplies,Supplies,22.37,1
2016-05-25,Technology,Accessories,207.98,1
2016-05-25,Technology,Phones,467.04,1
2017-05-25,Furniture,Furnishings,24.96,1
2017-05-25,Office Supplies,Paper,19.36,1
2017-05-25,Office Supplies,Storage,1267.65,1
2018-05-25,Furniture,Furnishings,18.84,1
2018-05-25,Office Supplies,Binders,693.76,2
2018-05-25,Office Supplies,Fasteners,3.29,1
2018-05-25,Office Supplies,Storage,50.14,1
2018-05-25,Technology,Accessories,120.0,1
2015-06-25,Furniture,Tables,447.84,1
2015-06-25,Office Supplies,Art,80.96,2
2015-06-25,Technology,Phones,263.96,1
2016-06-25,Furniture,Furnishings,280.23,2
2016-06-25,Office Supplies,Art,20.96,1
2016-06-25,Office Supplies,Binders,89.74,2
2016-06-25,Office Supplies,Labels,4.61,1
2016-06-25,Office Supplies,Paper,79.06,2
2016-06-25,Office Supplies,Storage,382.49,2
2017-06-25,Furniture,Chairs,507.3,2
2017-06-25,Furniture,Furnishings,32.71,1
2017-06-25,Office Supplies,Appliances,60.81,1
2017-06-25,Office Supplies,Binders,38.09,1
2017-06-25,Office Supplies,Storage,254.35,1
2018-06-25,Furniture,Bookcases,400.78,1
2018-06-25,Furniture,Tables,871.4,1
2018-06-25,Office Supplies,Art,5.34,1
2018-06-25,Office Supplies,Fasteners,11.3,1
2018-06-25,Office Supplies,Labels,71.04,1
2018-06-25,Technology,Phones,148.48,1
2015-07-25,Furniture,Furnishings,77.92,1
2015-07-25,Office Supplies,Paper,6.48,1
2015-07-25,Office Supplies,Storage,53.72,1
2015-07-25,Office Supplies,Supplies,8203.17,2
2016-07-25,Furniture,Bookcases,704.9,1
2016-07-25,Furniture,Chairs,561.57,1
2016-07-25,Furniture,Tables,358.58,1
2016-07-25,Office Supplies,Binders,25.18,1
2016-07-25,Office Supplies,Envelopes,98.46,1
2016-07-25,Office Supplies,Fasteners,9.42,1
2016-07-25,Office Supplies,Paper,12.96,1
2016-07-25,Technology,Phones,623.96,1
2017-07-25,Furniture,Chairs,241.57,1
2017-07-25,Furniture,Furnishings,325.06,2
2017-07-25,Furniture,Tables,2430.08,1
2017-07-25,Office Supplies,Appliances,243.88,1
2017-07-25,Office Supplies,Art,37.17,1
2017-07-25,Office Supplies,Binders,130.06,2
2017-07-25,Office Supplies,Envelopes,20.94,1
2017-07-25,Office Supplies,Fasteners,21.48,1
2017-07-25,Office Supplies,Labels,15.71,1
2017-07-25,Office Supplies,Paper,65.5,1
2017-07-25,Office Supplies,Storage,7.89,1
2017-07-25,Technology,Copiers,1439.98,1
2018-07-25,Furniture,Furnishings,20.1,1
2018-07-25,Furniture,Tables,436.7,2
2018-07-25,Office Supplies,Labels,23.53,2
2018-07-25,Office Supplies,Paper,20.74,1
2018-07-25,Office Supplies,Storage,259.92,1
2018-07-25,Office Supplies,Supplies,37.75,1
2015-08-25,Furniture,Furnishings,6.28,1
2015-08-25,Office Supplies,Binders,68.31,5
2015-08-25,Office Supplies,Envelopes,135.18,2
2015-08-25,Office Supplies,Fasteners,40.1,1
2015-08-25,Office Supplies,Paper,49.9,2
2015-08-25,Office Supplies,Storage,48.84,1
2015-08-25,Technology,Accessories,95.1,1
2015-08-25,Technology,Phones,1007.94,1
2016-08-25,Furniture,Chairs,40.78,1
2016-08-25,Furniture,Furnishings,27.98,2
2016-08-25,Office Supplies,Appliances,105.96,1
2016-08-25,Office Supplies,Binders,3.8,1
2018-08-25,Furniture,Bookcases,130.98,1
2018-08-25,Office Supplies,Art,9.73,1
2018-08-25,Office Supplies,Paper,195.58,2
2018-08-25,Office Supplies,Storage,25.7,1
2015-09-25,Furniture,Bookcases,300.53,1
2015-09-25,Office Supplies,Art,14.58,1
2015-09-25,Office Supplies,Binders,2.72,1
2015-09-25,Office Supplies,Envelopes,3.26,1
2015-09-25,Office Supplies,Paper,33.79,1
2016-09-25,Furniture,Chairs,409.72,2
2016-09-25,Furniture,Tables,1044.63,1
2016-09-25,Office Supplies,Art,135.44,2
2016-09-25,Office Supplies,Binders,108.86,7
2016-09-25,Office Supplies,Envelopes,17.48,1
2016-09-25,Office Supplies,Labels,12.6,1
2016-09-25,Office Supplies,Paper,76.2,3
2016-09-25,Technology,Accessories,1123.85,3
2016-09-25,Technology,Phones,104.98,1
2017-09-25,Furniture,Bookcases,477.67,1
2017-09-25,Furniture,Chairs,201.96,1
2017-09-25,Furniture,Furnishings,68.64,1
2017-09-25,Furniture,Tables,393.17,1
2017-09-25,Office Supplies,Appliances,286.26,1
2017-09-25,Office Supplies,Art,19.6,2
2017-09-25,Office Supplies,Binders,5.02,1
2017-09-25,Office Supplies,Labels,15.94,1
2017-09-25,Office Supplies,Paper,60.05,1
2017-09-25,Office Supplies,Storage,355.76,2
2017-09-25,Technology,Accessories,499.95,1
2018-09-25,Furniture,Chairs,758.62,2
2018-09-25,Furniture,Furnishings,47.12,1
2018-09-25,Office Supplies,Art,16.17,2
2018-09-25,Office Supplies,Binders,16.86,2
2018-09-25,Office Supplies,Envelopes,24.45,1
2018-09-25,Office Supplies,Labels,20.7,1
2018-09-25,Office Supplies,Storage,217.45,2
2018-09-25,Office Supplies,Supplies,190.9,1
2018-09-25,Technology,Accessories,119.96,1
2015-10-25,Office Supplies,Binders,63.11,2
2015-10-25,Technology,Accessories,40.78,1
2016-10-25,Furniture,Chairs,873.44,2
2016-10-25,Furniture,Tables,253.18,1
2016-10-25,Office Supplies,Art,139.81,2
2016-10-25,Technology,Phones,158.99,1
2017-10-25,Technology,Phones,783.96,1
2015-11-25,Furniture,Bookcases,275.95,1
2015-11-25,Furniture,Chairs,725.34,1
2015-11-25,Furniture,Furnishings,82.94,3
2015-11-25,Furniture,Tables,1218.73,1
2015-11-25,Office Supplies,Appliances,320.88,1
2015-11-25,Office Supplies,Art,58.46,2
2015-11-25,Office Supplies,Labels,8.42,2
2015-11-25,Office Supplies,Paper,42.46,2
2015-11-25,Office Supplies,Storage,1117.92,1
2015-11-25,Technology,Accessories,24.67,1
2015-11-25,Technology,Phones,539.92,1
2016-11-25,Office Supplies,Art,13.12,1
2017-11-25,Furniture,Chairs,194.35,1
2017-11-25,Furniture,Tables,1568.61,1
2017-11-25,Office Supplies,Binders,473.89,2
2017-11-25,Office Supplies,Paper,5.08,1
2017-11-25,Office Supplies,Storage,636.76,2
2017-11-25,Technology,Accessories,219.98,2
2017-11-25,Technology,Machines,4819.9,2
2017-11-25,Technology,Phones,59.98,1
2018-11-25,Furniture,Bookcases,1083.42,2
2018-11-25,Furniture,Chairs,1555.89,2
2018-11-25,Office Supplies,Appliances,67.84,1
2018-11-25,Office Supplies,Art,23.85,2
2018-11-25,Office Supplies,Paper,82.95,2
2018-11-25,Office Supplies,Storage,512.29,2
2018-11-25,Technology,Phones,339.92,2
2016-12-25,Furniture,Bookcases,610.55,2
2016-12-25,Furniture,Furnishings,823.02,2
2016-12-25,Office Supplies,Appliances,414.96,1
2016-12-25,Office Supplies,Art,3.28,1
2016-12-25,Office Supplies,Binders,157.9,1
2016-12-25,Office Supplies,Labels,9.22,1
2016-12-25,Office Supplies,Paper,68.21,5
2016-12-25,Technology,Accessories,843.9,1
2016-12-25,Technology,Copiers,1199.96,1
2016-12-25,Technology,Phones,73.98,1
2017-12-25,Furniture,Chairs,4176.02,4
2017-12-25,Furniture,Furnishings,364.97,2
2017-12-25,Furniture,Tables,2095.87,3
2017-12-25,Office Supplies,Art,19.89,1
2017-12-25,Office Supplies,Binders,33.57,1
2017-12-25,Office Supplies,Paper,151.68,2
2017-12-25,Technology,Accessories,800.14,4
2017-12-25,Technology,Machines,269.97,1
2017-12-25,Technology,Phones,2575.94,1
2018-12-25,Furniture,Bookcases,191.98,1
2018-12-25,Furniture,Chairs,304.45,1
2018-12-25,Furniture,Furnishings,62.96,2
2018-12-25,Furniture,Tables,273.06,1
2018-12-25,Office Supplies,Art,31.74,1
2018-12-25,Office Supplies,Binders,254.16,6
2018-12-25,Office Supplies,Fasteners,42.93,2
2018-12-25,Office Supplies,Paper,725.18,2
2018-12-25,Office Supplies,Storage,366.56,2
2018-12-25,Office Supplies,Supplies,44.69,1
2018-12-25,Technology,Accessories,190.73,2
2018-12-25,Technology,Machines,120.0,1
2018-12-25,Technology,Phones,90.48,1
2015-01-26,Furniture,Bookcases,141.96,1
2015-01-26,Furniture,Furnishings,75.24,2
2015-01-26,Office Supplies,Binders,10.68,1
2015-01-26,Office Supplies,Paper,36.12,2
2015-01-26,Office Supplies,Storage,489.92,1
2015-01-26,Technology,Phones,343.33,2
2016-01-26,Office Supplies,Paper,182.72,1
2018-01-26,Furniture,Furnishings,62.72,1
2018-01-26,Office Supplies,Art,15.47,1
2018-01-26,Office Supplies,Binders,7.16,1
2018-01-26,Office Supplies,Fasteners,11.84,1
2018-01-26,Office Supplies,Storage,18.16,1
2018-01-26,Technology,Phones,2939.93,1
2018-02-26,Furniture,Chairs,892.22,1
2018-02-26,Office Supplies,Appliances,438.71,2
2018-02-26,Office Supplies,Paper,247.04,2
2018-02-26,Technology,Phones,889.54,1
2015-03-26,Office Supplies,Art,3.36,1
2015-03-26,Office Supplies,Binders,27.94,1
2015-03-26,Office Supplies,Labels,18.75,1
2015-03-26,Technology,Accessories,66.3,1
2015-03-26,Technology,Phones,28.78,1
2016-03-26,Office Supplies,Paper,114.38,2
2016-03-26,Technology,Accessories,16.78,1
2017-03-26,Office Supplies,Binders,17.04,1
2017-03-26,Office Supplies,Paper,17.64,1
2017-03-26,Office Supplies,Storage,527.59,2
2017-03-26,Technology,Accessories,119.98,1
2018-03-26,Furniture,Bookcases,257.57,1
2018-03-26,Furniture,Furnishings,60.84,1
2018-03-26,Office Supplies,Appliances,87.17,1
2018-03-26,Office Supplies,Art,19.83,1
2018-03-26,Office Supplies,Fasteners,3.76,1
2018-03-26,Office Supplies,Paper,74.35,1
2018-03-26,Office Supplies,Storage,32.23,1
2018-03-26,Technology,Accessories,197.21,2
2018-03-26,Technology,Copiers,2399.96,1
2018-03-26,Technology,Phones,119.96,1
2015-04-26,Furniture,Chairs,230.28,1
2015-04-26,Office Supplies,Art,21.4,1
2015-04-26,Office Supplies,Binders,18.29,1
2015-04-26,Office Supplies,Labels,12.6,1
2016-04-26,Furniture,Chairs,1304.29,3
2016-04-26,Furniture,Furnishings,97.04,1
2016-04-26,Furniture,Tables,191.52,1
2016-04-26,Office Supplies,Art,62.14,2
2016-04-26,Office Supplies,Binders,50.35,1
2016-04-26,Office Supplies,Storage,72.78,1
2016-04-26,Technology,Phones,311.98,1
2017-04-26,Furniture,Chairs,434.65,1
2018-04-26,Furniture,Furnishings,1.99,1
2018-04-26,Office Supplies,Labels,39.28,1
2018-04-26,Office Supplies,Paper,20.34,1
2015-05-26,Furniture,Bookcases,290.67,1
2015-05-26,Furniture,Chairs,585.07,2
2015-05-26,Office Supplies,Art,13.39,1
2015-05-26,Office Supplies,Paper,48.4,1
2015-05-26,Office Supplies,Storage,102.62,1
2015-05-26,Technology,Phones,285.57,2
2016-05-26,Furniture,Chairs,210.62,2
2016-05-26,Furniture,Furnishings,20.24,1
2016-05-26,Office Supplies,Envelopes,12.22,1
2016-05-26,Office Supplies,Paper,172.0,2
2016-05-26,Technology,Accessories,167.94,1
2016-05-26,Technology,Machines,399.54,1
2017-05-26,Furniture,Chairs,873.13,2
2017-05-26,Furniture,Furnishings,68.31,2
2017-05-26,Office Supplies,Appliances,34.85,1
2017-05-26,Office Supplies,Art,1.5,1
2017-05-26,Office Supplies,Binders,9.64,1
2017-05-26,Office Supplies,Fasteners,5.94,1
2017-05-26,Office Supplies,Paper,102.22,5
2017-05-26,Office Supplies,Storage,184.7,1
2017-05-26,Technology,Accessories,111.91,2
2017-05-26,Technology,Machines,371.98,1
2017-05-26,Technology,Phones,211.17,1
2018-05-26,Office Supplies,Appliances,208.44,1
2018-05-26,Office Supplies,Paper,12.96,1
2018-05-26,Office Supplies,Supplies,25.76,1
2018-05-26,Technology,Accessories,23.08,1
2016-06-26,Furniture,Chairs,332.94,1
2016-06-26,Office Supplies,Binders,187.0,2
2016-06-26,Office Supplies,Paper,43.06,1
2016-06-26,Office Supplies,Storage,15.42,1
2016-06-26,Technology,Accessories,41.9,1
2016-06-26,Technology,Phones,971.88,1
2017-06-26,Furniture,Furnishings,59.88,2
2017-06-26,Office Supplies,Art,20.0,2
2017-06-26,Office Supplies,Binders,8.02,1
2017-06-26,Office Supplies,Fasteners,17.9,1
2017-06-26,Office Supplies,Paper,381.39,2
2017-06-26,Office Supplies,Storage,890.19,3
2017-06-26,Office Supplies,Supplies,231.72,1
2017-06-26,Technology,Accessories,174.55,3
2017-06-26,Technology,Phones,135.95,1
2018-06-26,Furniture,Chairs,273.55,1
2018-06-26,Furniture,Furnishings,526.45,1
2018-06-26,Office Supplies,Art,15.92,1
2018-06-26,Office Supplies,Binders,102.37,1
2018-06-26,Office Supplies,Labels,13.87,1
2018-06-26,Office Supplies,Paper,73.06,2
2018-06-26,Office Supplies,Storage,1070.58,3
2018-06-26,Office Supplies,Supplies,28.4,1
2018-06-26,Technology,Accessories,431.93,1
2018-06-26,Technology,Phones,1688.01,4
2015-07-26,Furniture,Chairs,742.23,2
2015-07-26,Furniture,Furnishings,177.22,3
2015-07-26,Office Supplies,Appliances,4.84,1
2015-07-26,Office Supplies,Binders,2203.25,3
2015-07-26,Office Supplies,Labels,162.89,1
2015-07-26,Office Supplies,Storage,123.55,1
2015-07-26,Technology,Accessories,714.04,3
2015-07-26,Technology,Phones,911.98,1
2016-07-26,Furniture,Chairs,266.35,1
2016-07-26,Furniture,Tables,393.17,1
2016-07-26,Office Supplies,Art,99.2,1
2016-07-26,Office Supplies,Binders,32.28,2
2016-07-26,Office Supplies,Envelopes,167.86,1
2018-07-26,Furniture,Chairs,362.35,1
2018-07-26,Technology,Accessories,1649.95,1
2015-08-26,Furniture,Furnishings,10.68,1
2015-08-26,Office Supplies,Art,8.64,1
2015-08-26,Office Supplies,Paper,20.72,2
2015-08-26,Technology,Accessories,326.77,2
2017-08-26,Furniture,Chairs,2627.85,2
2017-08-26,Furniture,Furnishings,186.54,1
2017-08-26,Furniture,Tables,447.84,1
2017-08-26,Office Supplies,Art,22.37,3
2017-08-26,Office Supplies,Binders,146.69,1
2017-08-26,Office Supplies,Fasteners,10.23,1
2017-08-26,Office Supplies,Paper,203.95,4
2017-08-26,Technology,Accessories,985.86,5
2017-08-26,Technology,Phones,242.97,2
2018-08-26,Furniture,Furnishings,64.96,1
2018-08-26,Office Supplies,Storage,53.72,1
2018-08-26,Technology,Accessories,71.98,1
2015-09-26,Furniture,Chairs,731.12,2
2015-09-26,Furniture,Furnishings,21.18,1
2015-09-26,Office Supplies,Appliances,202.03,3
2015-09-26,Office Supplies,Binders,6.85,2
2015-09-26,Office Supplies,Paper,52.34,2
2015-09-26,Office Supplies,Storage,310.12,1
2015-09-26,Technology,Accessories,3.15,1
2016-09-26,Office Supplies,Appliances,60.67,1
2016-09-26,Office Supplies,Binders,351.86,5
2016-09-26,Office Supplies,Envelopes,124.46,1
2016-09-26,Office Supplies,Fasteners,34.44,1
2016-09-26,Office Supplies,Paper,259.14,3
2016-09-26,Office Supplies,Storage,547.72,3
2016-09-26,Technology,Accessories,289.8,2
2016-09-26,Technology,Machines,629.93,1
2016-09-26,Technology,Phones,1424.25,3
2017-09-26,Furniture,Bookcases,424.96,1
2017-09-26,Furniture,Chairs,1202.52,2
2017-09-26,Office Supplies,Appliances,329.91,2
2017-09-26,Office Supplies,Art,35.4,1
2017-09-26,Office Supplies,Binders,22.44,2
2017-09-26,Office Supplies,Envelopes,8.93,1
2017-09-26,Office Supplies,Labels,7.83,1
2017-09-26,Office Supplies,Paper,82.75,4
2017-09-26,Office Supplies,Storage,51.45,1
2017-09-26,Technology,Accessories,531.98,2
2018-09-26,Furniture,Chairs,419.14,1
2018-09-26,Furniture,Furnishings,9.24,1
2018-09-26,Office Supplies,Art,2.22,1
2018-09-26,Office Supplies,Binders,948.22,2
2018-09-26,Office Supplies,Envelopes,71.88,1
2018-09-26,Office Supplies,Paper,35.88,1
2015-10-26,Furniture,Furnishings,63.92,1
2015-10-26,Technology,Phones,383.96,1
2016-10-26,Office Supplies,Appliances,203.88,1
2016-10-26,Office Supplies,Binders,14.3,1
2016-10-26,Office Supplies,Labels,152.3,2
2016-10-26,Office Supplies,Paper,131.9,1
2016-10-26,Office Supplies,Storage,718.64,1
2016-10-26,Technology,Phones,174.3,2
2018-10-26,Furniture,Tables,356.85,1
2018-10-26,Office Supplies,Binders,114.72,2
2018-10-26,Office Supplies,Envelopes,251.58,1
2018-10-26,Office Supplies,Labels,20.92,2
2018-10-26,Office Supplies,Storage,55.62,1
2018-10-26,Technology,Accessories,19.99,1
2018-10-26,Technology,Phones,180.19,2
2015-11-26,Furniture,Furnishings,19.3,1
2015-11-26,Office Supplies,Appliances,40.54,1
2015-11-26,Office Supplies,Binders,41.63,4
2015-11-26,Office Supplies,Labels,104.67,2
2015-11-26,Office Supplies,Paper,112.47,3
2015-11-26,Office Supplies,Storage,669.08,1
2015-11-26,Technology,Phones,718.3,2
2016-11-26,Furniture,Furnishings,692.47,1
2016-11-26,Office Supplies,Binders,75.77,2
2016-11-26,Office Supplies,Paper,10.95,1
2016-11-26,Office Supplies,Storage,104.9,1
2016-11-26,Technology,Copiers,599.99,1
2017-11-26,Furniture,Bookcases,3406.66,1
2017-11-26,Furniture,Furnishings,595.38,1
2017-11-26,Furniture,Tables,313.18,1
2017-11-26,Office Supplies,Appliances,64.96,1
2017-11-26,Office Supplies,Art,55.03,2
2017-11-26,Office Supplies,Binders,215.25,5
2017-11-26,Office Supplies,Paper,84.34,2
2017-11-26,Technology,Accessories,59.97,1
2017-11-26,Technology,Machines,3040.0,1
2017-11-26,Technology,Phones,494.98,1
2018-11-26,Furniture,Chairs,828.6,1
2018-11-26,Furniture,Furnishings,289.06,3
2018-11-26,Furniture,Tables,257.94,1
2018-11-26,Office Supplies,Appliances,324.14,3
2018-11-26,Office Supplies,Art,12.84,1
2018-11-26,Office Supplies,Binders,126.91,2
2018-11-26,Technology,Accessories,38.04,1
2018-11-26,Technology,Phones,3170.64,4
2015-12-26,Furniture,Chairs,830.91,2
2015-12-26,Furniture,Furnishings,522.25,3
2015-12-26,Office Supplies,Appliances,116.21,2
2015-12-26,Office Supplies,Art,8.02,1
2015-12-26,Office Supplies,Binders,87.29,2
2015-12-26,Office Supplies,Fasteners,27.55,1
2015-12-26,Office Supplies,Paper,18.26,1
2015-12-26,Office Supplies,Storage,419.02,2
2015-12-26,Office Supplies,Supplies,11.91,1
2016-12-26,Furniture,Chairs,275.06,1
2016-12-26,Furniture,Tables,51.59,1
2016-12-26,Office Supplies,Fasteners,22.2,1
2016-12-26,Office Supplies,Paper,212.64,1
2017-12-26,Furniture,Chairs,359.29,2
2017-12-26,Furniture,Tables,902.71,1
2017-12-26,Office Supplies,Appliances,53.11,3
2017-12-26,Office Supplies,Art,65.3,2
2017-12-26,Office Supplies,Binders,4.99,1
2017-12-26,Office Supplies,Paper,33.9,1
2017-12-26,Office Supplies,Supplies,17.76,1
2017-12-26,Technology,Accessories,89.97,1
2017-12-26,Technology,Phones,302.38,1
2018-12-26,Office Supplies,Binders,3.13,1
2018-12-26,Office Supplies,Paper,60.78,2
2018-12-26,Office Supplies,Storage,750.68,1
2015-01-27,Furniture,Tables,333.0,1
2015-01-27,Office Supplies,Art,36.44,1
2015-01-27,Office Supplies,Storage,57.23,1
2016-01-27,Furniture,Chairs,2985.91,2
2016-01-27,Technology,Phones,587.35,2
2018-01-27,Office Supplies,Art,14.02,1
2018-01-27,Technology,Accessories,71.98,1
2018-01-27,Technology,Phones,245.92,2
2015-02-27,Office Supplies,Art,19.46,1
2016-02-27,Furniture,Tables,493.92,1
2016-02-27,Office Supplies,Art,16.03,1
2016-02-27,Office Supplies,Binders,4.42,1
2016-02-27,Technology,Accessories,538.92,1
2016-02-27,Technology,Phones,105.98,1
2017-02-27,Furniture,Furnishings,16.19,1
2017-02-27,Office Supplies,Appliances,170.88,1
2017-02-27,Office Supplies,Binders,56.82,1
2016-03-27,Office Supplies,Storage,83.7,1
2017-03-27,Furniture,Furnishings,60.16,2
2017-03-27,Office Supplies,Binders,32.54,1
2018-03-27,Furniture,Bookcases,1023.33,1
2018-03-27,Furniture,Chairs,811.8,2
2018-03-27,Furniture,Furnishings,15.01,1
2018-03-27,Furniture,Tables,292.1,1
2018-03-27,Office Supplies,Binders,17.76,1
2018-03-27,Office Supplies,Labels,8.26,1
2018-03-27,Office Supplies,Paper,186.22,4
2018-03-27,Office Supplies,Storage,332.94,1
2018-03-27,Technology,Accessories,39.99,1
2018-03-27,Technology,Phones,206.1,1
2016-04-27,Furniture,Chairs,1267.53,1
2016-04-27,Office Supplies,Appliances,43.56,1
2016-04-27,Office Supplies,Art,22.74,1
2016-04-27,Office Supplies,Supplies,5.84,1
2016-04-27,Technology,Machines,1379.92,1
2018-04-27,Furniture,Bookcases,220.27,1
2018-04-27,Furniture,Furnishings,139.58,1
2018-04-27,Office Supplies,Art,183.61,3
2018-04-27,Office Supplies,Labels,33.12,1
2015-05-27,Furniture,Tables,567.12,1
2015-05-27,Office Supplies,Binders,17.46,1
2015-05-27,Office Supplies,Storage,359.32,1
2015-05-27,Technology,Accessories,99.99,1
2015-05-27,Technology,Phones,1113.5,1
2017-05-27,Furniture,Chairs,3504.9,1
2017-05-27,Furniture,Furnishings,30.76,2
2017-05-27,Office Supplies,Paper,472.05,3
2017-05-27,Office Supplies,Storage,1297.37,1
2018-05-27,Furniture,Furnishings,512.3,2
2018-05-27,Office Supplies,Art,31.44,1
2018-05-27,Office Supplies,Binders,70.4,2
2018-05-27,Office Supplies,Paper,25.92,1
2018-05-27,Office Supplies,Storage,477.15,1
2018-05-27,Technology,Accessories,125.35,2
2018-05-27,Technology,Phones,842.35,2
2015-06-27,Furniture,Tables,85.98,1
2015-06-27,Office Supplies,Storage,306.2,1
2015-06-27,Technology,Accessories,223.96,1
2017-06-27,Furniture,Chairs,539.66,1
2017-06-27,Office Supplies,Paper,37.46,1
2017-06-27,Technology,Phones,201.58,1
2018-06-27,Furniture,Chairs,191.65,1
2018-06-27,Furniture,Furnishings,126.3,1
2018-06-27,Office Supplies,Paper,39.51,2
2018-06-27,Technology,Accessories,1287.45,1
2015-07-27,Office Supplies,Paper,65.78,1
2015-07-27,Office Supplies,Storage,276.28,1
2015-07-27,Technology,Accessories,238.0,1
2016-07-27,Technology,Phones,29.97,1
2018-07-27,Furniture,Furnishings,129.8,3
2018-07-27,Office Supplies,Paper,39.16,2
2018-07-27,Technology,Accessories,234.95,1
2018-07-27,Technology,Phones,543.92,1
2015-08-27,Furniture,Furnishings,29.12,1
2015-08-27,Furniture,Tables,1202.94,1
2015-08-27,Office Supplies,Art,8.56,1
2015-08-27,Office Supplies,Binders,22.72,1
2015-08-27,Office Supplies,Paper,13.36,1
2015-08-27,Technology,Phones,793.43,2
2016-08-27,Office Supplies,Binders,5.1,1
2016-08-27,Office Supplies,Labels,3.08,1
2016-08-27,Office Supplies,Paper,114.2,1
2016-08-27,Office Supplies,Storage,484.65,1
2016-08-27,Office Supplies,Supplies,32.94,1
2017-08-27,Furniture,Tables,244.62,1
2017-08-27,Office Supplies,Binders,29.0,1
2017-08-27,Office Supplies,Fasteners,11.68,1
2017-08-27,Office Supplies,Labels,9.22,1
2017-08-27,Office Supplies,Paper,292.58,5
2017-08-27,Office Supplies,Storage,14.16,1
2017-08-27,Office Supplies,Supplies,106.69,2
2017-08-27,Technology,Phones,59.97,1
2018-08-27,Furniture,Chairs,230.28,1
2018-08-27,Furniture,Furnishings,319.04,2
2018-08-27,Furniture,Tables,1488.42,1
2018-08-27,Office Supplies,Appliances,336.26,2
2018-08-27,Office Supplies,Art,5.95,1
2018-08-27,Office Supplies,Binders,878.58,2
2018-08-27,Office Supplies,Envelopes,2.9,1
2018-08-27,Office Supplies,Paper,134.14,3
2018-08-27,Office Supplies,Storage,418.74,2
2018-08-27,Office Supplies,Supplies,28.4,1
2018-08-27,Technology,Accessories,1119.89,1
2018-08-27,Technology,Copiers,879.98,1
2018-08-27,Technology,Phones,347.97,1
2015-09-27,Furniture,Chairs,603.92,1
2015-09-27,Furniture,Furnishings,87.54,1
2015-09-27,Office Supplies,Paper,81.98,1
2016-09-27,Furniture,Furnishings,24.29,1
2016-09-27,Office Supplies,Art,115.6,2
2016-09-27,Office Supplies,Binders,15.08,1
2016-09-27,Office Supplies,Paper,340.6,4
2016-09-27,Office Supplies,Storage,15.51,1
2016-09-27,Technology,Phones,1871.88,1
2017-09-27,Furniture,Bookcases,956.66,1
2017-09-27,Office Supplies,Art,13.89,1
2017-09-27,Office Supplies,Binders,2.91,1
2017-09-27,Office Supplies,Paper,17.94,1
2017-09-27,Technology,Phones,1001.58,1
2015-10-27,Office Supplies,Paper,22.32,2
2017-10-27,Furniture,Chairs,718.62,2
2017-10-27,Furniture,Furnishings,40.2,1
2017-10-27,Office Supplies,Appliances,43.92,1
2017-10-27,Office Supplies,Binders,101.9,3
2017-10-27,Office Supplies,Fasteners,40.67,1
2017-10-27,Office Supplies,Storage,33.48,1
2018-10-27,Furniture,Bookcases,556.66,1
2018-10-27,Furniture,Tables,189.58,1
2018-10-27,Office Supplies,Art,13.63,2
2018-10-27,Office Supplies,Binders,5.61,1
2018-10-27,Office Supplies,Envelopes,15.84,1
2018-10-27,Office Supplies,Paper,110.02,3
2018-10-27,Technology,Phones,194.98,3
2015-11-27,Furniture,Furnishings,199.9,1
2015-11-27,Office Supplies,Fasteners,3.76,1
2016-11-27,Furniture,Bookcases,170.98,1
2016-11-27,Furniture,Chairs,283.92,1
2016-11-27,Furniture,Furnishings,38.97,1
2016-11-27,Furniture,Tables,821.53,2
2016-11-27,Office Supplies,Art,29.79,1
2016-11-27,Office Supplies,Binders,6.24,1
2016-11-27,Office Supplies,Paper,368.74,4
2016-11-27,Technology,Accessories,556.9,4
2016-11-27,Technology,Phones,832.72,2
2017-11-27,Furniture,Furnishings,31.56,1
2017-11-27,Furniture,Tables,331.02,1
2017-11-27,Office Supplies,Appliances,167.29,1
2017-11-27,Office Supplies,Binders,152.0,1
2017-11-27,Office Supplies,Storage,137.79,2
2017-11-27,Technology,Accessories,97.35,2
2017-11-27,Technology,Phones,388.75,2
2018-11-27,Furniture,Furnishings,65.78,2
2018-11-27,Office Supplies,Appliances,43.58,1
2018-11-27,Office Supplies,Art,15.75,2
2018-11-27,Office Supplies,Binders,722.85,3
2018-11-27,Office Supplies,Paper,402.83,2
2018-11-27,Technology,Accessories,309.89,2
2018-11-27,Technology,Phones,57.57,1
2015-12-27,Furniture,Chairs,997.49,2
2015-12-27,Furniture,Furnishings,215.3,2
2015-12-27,Office Supplies,Appliances,10.98,1
2015-12-27,Office Supplies,Binders,988.8,3
2015-12-27,Office Supplies,Fasteners,7.86,1
2015-12-27,Office Supplies,Labels,11.56,1
2015-12-27,Office Supplies,Paper,36.76,2
2015-12-27,Office Supplies,Storage,199.63,3
2015-12-27,Technology,Accessories,498.0,1
2016-12-27,Furniture,Bookcases,663.5,2
2016-12-27,Furniture,Chairs,212.06,1
2016-12-27,Furniture,Furnishings,53.35,1
2016-12-27,Furniture,Tables,1548.99,1
2016-12-27,Office Supplies,Appliances,462.92,2
2016-12-27,Office Supplies,Envelopes,238.62,3
2016-12-27,Office Supplies,Labels,21.56,1
2016-12-27,Office Supplies,Paper,224.54,2
2016-12-27,Office Supplies,Storage,358.28,3
2016-12-27,Technology,Accessories,85.39,3
2016-12-27,Technology,Phones,1279.23,3
2017-12-27,Furniture,Chairs,845.49,1
2017-12-27,Office Supplies,Fasteners,17.18,1
2017-12-27,Office Supplies,Labels,22.77,2
2017-12-27,Office Supplies,Paper,34.05,2
2017-12-27,Technology,Accessories,40.0,1
2018-12-27,Office Supplies,Art,13.25,1
2018-12-27,Technology,Phones,164.39,1
2015-01-28,Office Supplies,Binders,3.93,1
2016-01-28,Furniture,Tables,4297.64,1
2017-01-28,Office Supplies,Art,39.68,1
2018-01-28,Furniture,Furnishings,37.74,1
2018-01-28,Office Supplies,Paper,279.9,1
2018-01-28,Technology,Accessories,689.88,2
2016-02-28,Furniture,Chairs,551.26,2
2017-02-28,Office Supplies,Art,111.1,1
2017-02-28,Office Supplies,Fasteners,36.48,1
2018-02-28,Office Supplies,Binders,9.84,1
2018-02-28,Office Supplies,Paper,7.78,1
2015-03-28,Furniture,Tables,1184.72,1
2015-03-28,Office Supplies,Envelopes,6.12,1
2015-03-28,Technology,Phones,302.38,1
2016-03-28,Office Supplies,Envelopes,22.92,1
2016-03-28,Office Supplies,Paper,54.18,3
2016-03-28,Technology,Accessories,166.24,1
2017-03-28,Office Supplies,Paper,5.98,1
2017-03-28,Office Supplies,Storage,119.32,2
2018-03-28,Furniture,Furnishings,48.04,2
2018-03-28,Office Supplies,Binders,68.74,1
2018-03-28,Office Supplies,Paper,59.72,3
2018-03-28,Office Supplies,Storage,795.48,1
2018-03-28,Technology,Machines,532.72,1
2015-04-28,Office Supplies,Art,5.34,1
2015-04-28,Office Supplies,Binders,20.86,1
2015-04-28,Office Supplies,Labels,10.06,2
2015-04-28,Office Supplies,Storage,702.27,3
2015-04-28,Technology,Accessories,159.98,1
2015-04-28,Technology,Phones,1679.96,1
2016-04-28,Office Supplies,Appliances,195.38,2
2016-04-28,Office Supplies,Binders,3825.15,2
2016-04-28,Office Supplies,Storage,23.83,1
2017-04-28,Furniture,Chairs,41.57,1
2017-04-28,Furniture,Furnishings,30.34,1
2017-04-28,Office Supplies,Labels,15.71,1
2017-04-28,Office Supplies,Paper,29.47,1
2017-04-28,Technology,Phones,369.58,1
2018-04-28,Office Supplies,Appliances,28.08,1
2018-04-28,Office Supplies,Art,6.85,1
2018-04-28,Office Supplies,Storage,8.38,1
2018-04-28,Technology,Phones,751.98,1
2015-05-28,Office Supplies,Binders,136.96,1
2015-05-28,Technology,Accessories,27.6,1
2015-05-28,Technology,Phones,57.41,1
2016-05-28,Office Supplies,Art,54.45,2
2016-05-28,Office Supplies,Binders,6.1,1
2016-05-28,Office Supplies,Labels,13.05,1
2016-05-28,Office Supplies,Paper,45.36,1
2016-05-28,Office Supplies,Storage,629.2,3
2016-05-28,Technology,Phones,45.99,1
2017-05-28,Furniture,Chairs,390.27,1
2017-05-28,Office Supplies,Appliances,262.24,1
2017-05-28,Office Supplies,Art,185.88,1
2017-05-28,Office Supplies,Binders,22.72,1
2017-05-28,Office Supplies,Paper,244.91,2
2017-05-28,Office Supplies,Supplies,54.9,1
2017-05-28,Technology,Accessories,131.6,1
2017-05-28,Technology,Machines,558.4,1
2017-05-28,Technology,Phones,286.4,1
2018-05-28,Furniture,Bookcases,115.96,1
2018-05-28,Furniture,Chairs,408.83,2
2018-05-28,Furniture,Furnishings,274.9,2
2018-05-28,Office Supplies,Appliances,125.13,1
2018-05-28,Office Supplies,Binders,3.56,1
2018-05-28,Office Supplies,Paper,29.42,2
2018-05-28,Technology,Accessories,271.97,1
2018-05-28,Technology,Phones,250.33,2
2015-06-28,Furniture,Chairs,1228.46,1
2015-06-28,Office Supplies,Binders,34.25,2
2015-06-28,Office Supplies,Fasteners,6.08,1
2015-06-28,Office Supplies,Paper,376.99,2
2016-06-28,Furniture,Bookcases,482.94,1
2016-06-28,Furniture,Furnishings,621.76,1
2016-06-28,Office Supplies,Labels,5.9,1
2016-06-28,Office Supplies,Paper,15.55,1
2017-06-28,Furniture,Chairs,121.96,1
2017-06-28,Office Supplies,Appliances,283.98,2
2017-06-28,Office Supplies,Binders,49.28,3
2017-06-28,Office Supplies,Paper,61.96,1
2017-06-28,Technology,Phones,359.98,1
2015-07-28,Furniture,Furnishings,129.89,1
2015-07-28,Office Supplies,Envelopes,48.94,1
2015-07-28,Office Supplies,Fasteners,14.32,1
2017-07-28,Furniture,Bookcases,177.45,1
2017-07-28,Furniture,Furnishings,327.42,2
2017-07-28,Office Supplies,Appliances,9.48,1
2017-07-28,Office Supplies,Binders,1369.76,1
2017-07-28,Office Supplies,Fasteners,20.44,1
2017-07-28,Office Supplies,Labels,18.9,1
2017-07-28,Office Supplies,Paper,109.92,1
2018-07-28,Office Supplies,Binders,9.98,1
2018-07-28,Office Supplies,Storage,14.98,1
2018-07-28,Technology,Phones,1145.6,1
2016-08-28,Furniture,Bookcases,307.67,1
2016-08-28,Furniture,Furnishings,4.16,1
2016-08-28,Furniture,Tables,103.48,1
2016-08-28,Office Supplies,Binders,41.36,1
2016-08-28,Office Supplies,Storage,2091.53,3
2016-08-28,Technology,Copiers,2799.96,1
2016-08-28,Technology,Phones,1143.14,2
2017-08-28,Furniture,Bookcases,156.37,1
2017-08-28,Office Supplies,Binders,41.6,3
2017-08-28,Office Supplies,Paper,15.48,1
2017-08-28,Technology,Phones,108.58,1
2018-08-28,Furniture,Tables,1137.75,1
2018-08-28,Office Supplies,Appliances,91.6,1
2018-08-28,Office Supplies,Art,5.56,1
2018-08-28,Office Supplies,Binders,99.68,1
2018-08-28,Office Supplies,Paper,52.06,2
2018-08-28,Office Supplies,Supplies,21.81,1
2018-08-28,Technology,Phones,35.17,1
2015-09-28,Furniture,Furnishings,337.09,1
2015-09-28,Office Supplies,Paper,106.94,2
2015-09-28,Office Supplies,Storage,46.26,1
2016-09-28,Office Supplies,Appliances,566.49,4
2016-09-28,Office Supplies,Binders,82.87,2
2016-09-28,Office Supplies,Envelopes,12.54,1
2016-09-28,Office Supplies,Fasteners,4.51,1
2016-09-28,Office Supplies,Supplies,47.19,1
2016-09-28,Technology,Phones,344.76,2
2017-09-28,Office Supplies,Paper,99.14,1
2018-09-28,Furniture,Furnishings,42.02,2
2018-09-28,Office Supplies,Appliances,209.79,1
2018-09-28,Office Supplies,Binders,79.43,2
2018-09-28,Office Supplies,Paper,24.72,2
2018-09-28,Office Supplies,Storage,147.18,1
2018-09-28,Office Supplies,Supplies,1.74,1
2018-09-28,Technology,Accessories,54.38,1
2015-10-28,Furniture,Bookcases,617.0,1
2015-10-28,Office Supplies,Binders,7.18,1
2015-10-28,Office Supplies,Storage,141.4,1
2015-10-28,Office Supplies,Supplies,487.02,2
2015-10-28,Technology,Phones,257.98,1
2016-10-28,Furniture,Furnishings,57.21,2
2016-10-28,Office Supplies,Envelopes,10.67,1
2016-10-28,Office Supplies,Storage,36.63,1
2017-10-28,Furniture,Furnishings,1111.37,5
2017-10-28,Office Supplies,Art,12.42,1
2017-10-28,Office Supplies,Binders,157.05,5
2017-10-28,Office Supplies,Paper,140.27,3
2017-10-28,Office Supplies,Storage,1175.54,2
2017-10-28,Technology,Phones,302.38,1
2018-10-28,Furniture,Furnishings,77.95,1
2018-10-28,Office Supplies,Envelopes,47.98,1
2018-10-28,Office Supplies,Labels,21.93,1
2018-10-28,Office Supplies,Paper,63.5,2
2018-10-28,Office Supplies,Storage,147.18,1
2018-10-28,Technology,Accessories,50.18,2
2015-11-28,Furniture,Bookcases,411.33,1
2015-11-28,Furniture,Furnishings,397.6,1
2015-11-28,Office Supplies,Appliances,43.68,1
2015-11-28,Office Supplies,Art,27.79,2
2015-11-28,Office Supplies,Binders,62.91,2
2015-11-28,Office Supplies,Envelopes,64.02,1
2015-11-28,Office Supplies,Labels,41.4,1
2015-11-28,Office Supplies,Paper,85.96,1
2015-11-28,Office Supplies,Supplies,7.36,1
2015-11-28,Technology,Accessories,139.93,1
2015-11-28,Technology,Machines,998.85,1
2016-11-28,Furniture,Furnishings,625.96,5
2016-11-28,Office Supplies,Appliances,45.28,1
2016-11-28,Office Supplies,Art,8.28,1
2016-11-28,Office Supplies,Envelopes,62.24,1
2016-11-28,Office Supplies,Fasteners,3.01,1
2016-11-28,Office Supplies,Paper,335.52,1
2016-11-28,Office Supplies,Storage,136.29,2
2016-11-28,Technology,Phones,647.9,1
2017-11-28,Furniture,Chairs,530.47,2
2017-11-28,Office Supplies,Binders,21.48,3
2017-11-28,Office Supplies,Fasteners,12.67,1
2017-11-28,Office Supplies,Storage,2421.86,3
2017-11-28,Technology,Accessories,101.7,1
2017-11-28,Technology,Phones,340.18,1
2018-11-28,Furniture,Furnishings,2593.82,4
2018-11-28,Furniture,Tables,2065.32,1
2018-11-28,Office Supplies,Art,1.64,1
2018-11-28,Office Supplies,Envelopes,79.96,1
2018-11-28,Office Supplies,Labels,62.65,1
2018-11-28,Office Supplies,Paper,129.66,3
2018-11-28,Technology,Phones,1979.89,1
2015-12-28,Office Supplies,Appliances,1737.18,1
2015-12-28,Office Supplies,Art,99.14,1
2015-12-28,Office Supplies,Paper,141.76,1
2015-12-28,Office Supplies,Storage,704.25,1
2016-12-28,Office Supplies,Storage,24.82,1
2016-12-28,Technology,Accessories,54.38,1
2018-12-28,Furniture,Bookcases,78.85,1
2018-12-28,Furniture,Chairs,454.08,2
2018-12-28,Furniture,Furnishings,18.33,3
2018-12-28,Office Supplies,Art,29.65,2
2018-12-28,Office Supplies,Binders,62.03,4
2018-12-28,Office Supplies,Fasteners,13.96,1
2018-12-28,Office Supplies,Labels,72.45,1
2018-12-28,Office Supplies,Paper,4.28,1
2018-12-28,Office Supplies,Storage,908.87,3
2018-12-28,Technology,Phones,14.85,1
2018-01-29,Office Supplies,Art,13.11,2
2018-01-29,Office Supplies,Binders,131.74,2
2018-01-29,Office Supplies,Labels,5.22,1
2018-01-29,Office Supplies,Supplies,8.57,1
2015-03-29,Furniture,Tables,890.84,1
2016-03-29,Furniture,Chairs,1166.92,1
2016-03-29,Furniture,Furnishings,19.92,1
2016-03-29,Office Supplies,Appliances,73.28,1
2016-03-29,Office Supplies,Art,5.56,1
2016-03-29,Office Supplies,Paper,240.15,3
2016-03-29,Technology,Accessories,53.25,1
2017-03-29,Furniture,Bookcases,299.98,1
2017-03-29,Furniture,Chairs,844.12,1
2017-03-29,Furniture,Furnishings,414.0,1
2017-03-29,Office Supplies,Binders,71.13,2
2017-03-29,Office Supplies,Paper,59.01,2
2017-03-29,Technology,Phones,971.11,2
2018-03-29,Office Supplies,Storage,81.4,1
2015-04-29,Furniture,Chairs,613.54,2
2015-04-29,Furniture,Furnishings,17.46,1
2015-04-29,Office Supplies,Binders,17.94,1
2015-04-29,Office Supplies,Storage,99.92,1
2015-04-29,Technology,Phones,19.98,1
2016-04-29,Office Supplies,Paper,7.97,1
2018-04-29,Furniture,Tables,1048.35,1
2018-04-29,Office Supplies,Labels,4.91,1
2016-05-29,Furniture,Chairs,317.06,1
2016-05-29,Furniture,Furnishings,41.57,1
2016-05-29,Office Supplies,Binders,167.76,1
2016-05-29,Office Supplies,Fasteners,8.04,1
2016-05-29,Office Supplies,Labels,12.39,1
2016-05-29,Office Supplies,Paper,32.4,1
2016-05-29,Office Supplies,Storage,540.57,1
2017-05-29,Furniture,Furnishings,44.76,1
2017-05-29,Office Supplies,Art,4.45,1
2017-05-29,Office Supplies,Binders,34.03,2
2017-05-29,Technology,Phones,979.95,1
2018-05-29,Furniture,Furnishings,71.66,2
2018-05-29,Office Supplies,Appliances,465.16,1
2018-05-29,Office Supplies,Binders,43.41,1
2018-05-29,Office Supplies,Fasteners,23.55,1
2018-05-29,Office Supplies,Paper,33.9,2
2018-05-29,Office Supplies,Storage,53.42,1
2015-06-29,Office Supplies,Art,32.76,1
2015-06-29,Office Supplies,Binders,13.92,1
2016-06-29,Furniture,Chairs,117.88,1
2016-06-29,Furniture,Furnishings,20.1,1
2016-06-29,Office Supplies,Paper,24.96,1
2016-06-29,Technology,Phones,269.98,1
2017-06-29,Office Supplies,Storage,191.88,1
2018-06-29,Furniture,Bookcases,1048.82,2
2018-06-29,Furniture,Furnishings,25.16,1
2018-06-29,Furniture,Tables,307.31,1
2018-06-29,Office Supplies,Appliances,384.33,2
2018-06-29,Office Supplies,Art,11.68,1
2018-06-29,Office Supplies,Binders,1220.01,3
2018-06-29,Office Supplies,Paper,5.18,1
2018-06-29,Office Supplies,Storage,1426.49,2
2018-06-29,Office Supplies,Supplies,30.69,1
2018-06-29,Technology,Accessories,62.31,1
2017-07-29,Office Supplies,Binders,29.61,2
2017-07-29,Office Supplies,Storage,789.54,2
2018-07-29,Furniture,Bookcases,115.96,1
2018-07-29,Furniture,Chairs,302.67,1
2018-07-29,Office Supplies,Appliances,172.47,2
2018-07-29,Office Supplies,Art,64.49,2
2018-07-29,Office Supplies,Binders,33.48,1
2018-07-29,Office Supplies,Fasteners,2.9,1
2018-07-29,Technology,Accessories,90.57,1
2018-07-29,Technology,Phones,608.76,3
2015-08-29,Furniture,Tables,174.06,1
2015-08-29,Office Supplies,Binders,505.18,1
2015-08-29,Office Supplies,Envelopes,29.81,1
2015-08-29,Office Supplies,Paper,123.28,2
2016-08-29,Technology,Accessories,114.52,1
2016-08-29,Technology,Phones,131.98,1
2017-08-29,Furniture,Bookcases,163.88,1
2017-08-29,Furniture,Tables,241.92,1
2017-08-29,Office Supplies,Binders,5.27,2
2017-08-29,Office Supplies,Fasteners,10.58,1
2017-08-29,Office Supplies,Paper,64.62,1
2017-08-29,Office Supplies,Supplies,27.93,1
2017-08-29,Technology,Accessories,95.98,1
2017-08-29,Technology,Phones,22.0,1
2018-08-29,Furniture,Furnishings,148.02,1
2018-08-29,Office Supplies,Art,9.41,1
2018-08-29,Office Supplies,Binders,3.24,1
2018-08-29,Office Supplies,Labels,47.36,1
2018-08-29,Office Supplies,Storage,27.44,1
2015-09-29,Furniture,Furnishings,328.12,3
2015-09-29,Furniture,Tables,2825.27,3
2015-09-29,Office Supplies,Art,4.22,1
2015-09-29,Office Supplies,Binders,10.05,1
2015-09-29,Office Supplies,Fasteners,8.72,1
2015-09-29,Office Supplies,Labels,74.34,2
2015-09-29,Office Supplies,Paper,104.93,3
2015-09-29,Office Supplies,Storage,4067.1,4
2015-09-29,Technology,Machines,686.32,1
2017-09-29,Office Supplies,Art,77.3,3
2017-09-29,Office Supplies,Binders,90.18,2
2017-09-29,Office Supplies,Labels,15.94,1
2017-09-29,Office Supplies,Paper,18.97,1
2017-09-29,Technology,Accessories,209.97,1
2017-09-29,Technology,Phones,859.2,1
2018-09-29,Furniture,Chairs,136.47,2
2018-09-29,Furniture,Furnishings,73.0,2
2018-09-29,Furniture,Tables,344.22,1
2018-09-29,Office Supplies,Appliances,97.84,1
2018-09-29,Office Supplies,Art,99.2,1
2018-09-29,Office Supplies,Binders,46.67,1
2018-09-29,Office Supplies,Envelopes,59.29,3
2018-09-29,Office Supplies,Fasteners,35.0,1
2018-09-29,Office Supplies,Labels,7.97,1
2018-09-29,Office Supplies,Paper,75.55,3
2018-09-29,Office Supplies,Storage,295.09,2
2018-09-29,Technology,Accessories,239.98,1
2018-09-29,Technology,Machines,336.51,1
2015-10-29,Office Supplies,Paper,75.88,1
2015-10-29,Technology,Accessories,1.98,1
2015-10-29,Technology,Phones,2735.95,1
2016-10-29,Office Supplies,Envelopes,210.84,1
2016-10-29,Office Supplies,Paper,33.4,1
2017-10-29,Furniture,Furnishings,67.0,1
2017-10-29,Office Supplies,Appliances,11.67,1
2017-10-29,Office Supplies,Binders,11.74,1
2017-10-29,Office Supplies,Storage,40.74,1
2018-10-29,Office Supplies,Paper,46.96,1
2015-11-29,Office Supplies,Fasteners,43.02,2
2015-11-29,Office Supplies,Labels,30.1,2
2015-11-29,Technology,Phones,575.92,1
2016-11-29,Furniture,Chairs,1408.87,2
2016-11-29,Office Supplies,Appliances,555.21,1
2016-11-29,Office Supplies,Art,218.12,2
2016-11-29,Office Supplies,Binders,13.09,2
2016-11-29,Office Supplies,Paper,19.92,1
2016-11-29,Office Supplies,Storage,523.48,1
2016-11-29,Technology,Accessories,21.48,1
2017-11-29,Furniture,Furnishings,242.18,1
2017-11-29,Technology,Accessories,58.42,1
2018-11-29,Furniture,Chairs,390.37,1
2018-11-29,Furniture,Furnishings,101.52,1
2015-12-29,Furniture,Furnishings,143.17,4
2015-12-29,Office Supplies,Appliances,48.36,1
2015-12-29,Office Supplies,Binders,14.35,1
2015-12-29,Office Supplies,Labels,363.57,2
2015-12-29,Office Supplies,Paper,21.12,1
2015-12-29,Office Supplies,Storage,57.85,2
2015-12-29,Technology,Accessories,119.8,1
2015-12-29,Technology,Machines,767.95,1
2015-12-29,Technology,Phones,535.92,3
2017-12-29,Furniture,Chairs,754.45,1
2017-12-29,Furniture,Furnishings,70.56,1
2017-12-29,Office Supplies,Appliances,81.96,1
2017-12-29,Office Supplies,Binders,52.13,3
2017-12-29,Office Supplies,Envelopes,27.79,1
2017-12-29,Office Supplies,Paper,248.8,3
2017-12-29,Office Supplies,Storage,14.03,1
2017-12-29,Office Supplies,Supplies,27.96,1
2018-12-29,Furniture,Chairs,2161.14,4
2018-12-29,Furniture,Furnishings,169.58,2
2018-12-29,Office Supplies,Art,34.58,1
2018-12-29,Office Supplies,Binders,12.53,1
2018-12-29,Office Supplies,Fasteners,25.63,2
2018-12-29,Office Supplies,Paper,209.7,1
2018-12-29,Technology,Phones,302.38,1
2015-01-30,Office Supplies,Paper,10.56,1
2015-01-30,Office Supplies,Storage,229.94,1
2016-01-30,Furniture,Furnishings,227.36,1
2016-01-30,Office Supplies,Paper,14.3,1
2016-01-30,Technology,Machines,1919.98,1
2017-01-30,Furniture,Bookcases,48.58,1
2017-01-30,Furniture,Chairs,435.17,1
2017-01-30,Furniture,Tables,626.1,1
2017-01-30,Office Supplies,Binders,69.97,3
2017-01-30,Office Supplies,Labels,26.01,1
2017-01-30,Office Supplies,Paper,156.51,1
2017-01-30,Office Supplies,Storage,305.01,1
2017-01-30,Technology,Phones,1439.97,1
2018-01-30,Furniture,Chairs,539.92,2
2018-01-30,Furniture,Furnishings,34.58,1
2018-01-30,Furniture,Tables,69.38,1
2018-01-30,Office Supplies,Art,71.2,4
2018-01-30,Office Supplies,Binders,58.34,3
2018-01-30,Office Supplies,Storage,129.3,1
2018-01-30,Office Supplies,Supplies,31.68,1
2018-01-30,Technology,Phones,2814.94,3
2015-03-30,Furniture,Bookcases,205.67,1
2015-03-30,Furniture,Chairs,127.3,1
2015-03-30,Office Supplies,Art,60.15,2
2015-03-30,Office Supplies,Envelopes,335.72,1
2015-03-30,Office Supplies,Labels,44.4,1
2015-03-30,Office Supplies,Storage,145.14,2
2015-03-30,Technology,Phones,251.94,1
2016-03-30,Furniture,Chairs,366.74,1
2016-03-30,Office Supplies,Paper,23.52,1
2016-03-30,Technology,Phones,180.96,1
2017-03-30,Office Supplies,Paper,11.34,1
2018-03-30,Furniture,Furnishings,94.2,1
2018-03-30,Office Supplies,Art,6.08,1
2018-03-30,Office Supplies,Binders,5.71,1
2018-03-30,Office Supplies,Envelopes,325.86,1
2018-03-30,Office Supplies,Storage,59.76,1
2018-03-30,Technology,Phones,164.79,1
2015-04-30,Office Supplies,Art,174.95,1
2015-04-30,Office Supplies,Storage,826.0,1
2015-04-30,Technology,Accessories,47.79,1
2016-04-30,Furniture,Chairs,213.12,1
2016-04-30,Furniture,Furnishings,65.18,3
2016-04-30,Office Supplies,Art,34.65,1
2016-04-30,Office Supplies,Paper,6.48,1
2016-04-30,Technology,Phones,1252.27,3
2017-04-30,Furniture,Furnishings,134.5,2
2017-04-30,Office Supplies,Binders,7.71,1
2018-04-30,Furniture,Furnishings,309.34,3
2018-04-30,Office Supplies,Art,25.31,2
2018-04-30,Office Supplies,Binders,85.35,4
2018-04-30,Office Supplies,Envelopes,93.52,2
2018-04-30,Office Supplies,Labels,22.32,3
2018-04-30,Office Supplies,Paper,174.33,2
2018-04-30,Technology,Accessories,2.38,1
2018-04-30,Technology,Phones,677.58,1
2015-05-30,Furniture,Tables,355.45,1
2015-05-30,Office Supplies,Appliances,235.95,1
2015-05-30,Office Supplies,Binders,95.95,2
2015-05-30,Office Supplies,Paper,53.58,2
2015-05-30,Technology,Copiers,719.98,1
2015-05-30,Technology,Phones,464.0,1
2016-05-30,Office Supplies,Appliances,160.32,1
2016-05-30,Technology,Accessories,151.96,1
2016-05-30,Technology,Phones,368.82,2
2017-05-30,Furniture,Chairs,801.57,1
2017-05-30,Furniture,Furnishings,215.24,2
2017-05-30,Furniture,Tables,2275.5,1
2017-05-30,Office Supplies,Appliances,488.66,2
2017-05-30,Office Supplies,Art,20.26,2
2017-05-30,Office Supplies,Binders,43.23,4
2017-05-30,Office Supplies,Envelopes,26.55,1
2017-05-30,Office Supplies,Labels,62.1,1
2017-05-30,Office Supplies,Paper,746.13,4
2017-05-30,Office Supplies,Storage,49.76,1
2017-05-30,Technology,Accessories,2315.64,3
2017-05-30,Technology,Copiers,839.99,1
2017-05-30,Technology,Phones,205.95,2
2018-05-30,Furniture,Bookcases,446.63,2
2018-05-30,Furniture,Furnishings,21.6,2
2018-05-30,Office Supplies,Art,35.1,1
2018-05-30,Office Supplies,Binders,3.89,1
2018-05-30,Office Supplies,Paper,37.52,1
2018-05-30,Technology,Accessories,35.36,1
2018-05-30,Technology,Phones,156.79,1
2015-06-30,Office Supplies,Art,44.25,3
2015-06-30,Office Supplies,Binders,337.46,2
2015-06-30,Office Supplies,Fasteners,21.31,1
2015-06-30,Office Supplies,Paper,336.61,2
2017-06-30,Furniture,Bookcases,1266.86,1
2017-06-30,Office Supplies,Art,35.97,1
2017-06-30,Technology,Accessories,50.12,1
2018-06-30,Furniture,Bookcases,436.0,1
2018-06-30,Furniture,Chairs,569.06,1
2018-06-30,Furniture,Furnishings,55.97,3
2018-06-30,Furniture,Tables,1044.63,1
2018-06-30,Office Supplies,Binders,75.79,1
2018-06-30,Office Supplies,Paper,204.95,1
2018-06-30,Office Supplies,Storage,1333.99,2
2018-06-30,Technology,Phones,1001.58,1
2015-07-30,Furniture,Bookcases,1367.84,1
2016-07-30,Furniture,Chairs,155.88,1
2016-07-30,Furniture,Furnishings,5.28,1
2016-07-30,Office Supplies,Binders,10.92,1
2016-07-30,Office Supplies,Storage,61.79,1
2016-07-30,Technology,Accessories,209.93,1
2017-07-30,Office Supplies,Appliances,715.64,1
2017-07-30,Office Supplies,Binders,9.26,1
2017-07-30,Office Supplies,Labels,9.25,1
2017-07-30,Office Supplies,Storage,1036.62,1
2018-07-30,Office Supplies,Binders,76.78,1
2018-07-30,Office Supplies,Labels,26.25,1
2018-07-30,Office Supplies,Storage,330.4,1
2018-07-30,Technology,Phones,89.95,1
2015-08-30,Office Supplies,Binders,25.3,1
2015-08-30,Office Supplies,Storage,95.94,1
2017-08-30,Furniture,Chairs,786.74,1
2017-08-30,Furniture,Furnishings,47.04,1
2017-08-30,Office Supplies,Binders,37.76,1
2017-08-30,Office Supplies,Labels,100.24,1
2017-08-30,Office Supplies,Storage,54.22,1
2017-08-30,Technology,Phones,630.86,2
2015-09-30,Furniture,Furnishings,15.24,1
2015-09-30,Office Supplies,Appliances,864.62,2
2015-09-30,Office Supplies,Binders,43.18,1
2015-09-30,Office Supplies,Paper,64.49,2
2017-09-30,Furniture,Bookcases,523.92,1
2017-09-30,Office Supplies,Binders,1.96,1
2018-09-30,Office Supplies,Appliances,3.89,1
2018-09-30,Office Supplies,Binders,11.65,1
2018-09-30,Office Supplies,Labels,20.66,1
2018-09-30,Office Supplies,Paper,344.58,3
2018-09-30,Technology,Accessories,159.98,1
2016-10-30,Furniture,Furnishings,15.49,1
2016-10-30,Office Supplies,Appliances,182.91,1
2016-10-30,Technology,Copiers,439.99,1
2016-10-30,Technology,Machines,1095.79,2
2016-10-30,Technology,Phones,387.86,2
2017-10-30,Office Supplies,Art,126.63,2
2017-10-30,Office Supplies,Binders,28.75,1
2017-10-30,Office Supplies,Fasteners,3.62,1
2018-10-30,Furniture,Bookcases,199.98,1
2018-10-30,Furniture,Chairs,817.77,4
2018-10-30,Furniture,Furnishings,33.0,3
2018-10-30,Furniture,Tables,251.01,1
2018-10-30,Office Supplies,Appliances,1702.12,1
2018-10-30,Office Supplies,Art,19.9,1
2018-10-30,Office Supplies,Binders,102.66,2
2018-10-30,Office Supplies,Labels,73.86,2
2018-10-30,Office Supplies,Paper,28.16,2
2018-10-30,Office Supplies,Storage,171.34,3
2018-10-30,Office Supplies,Supplies,35.06,1
2018-10-30,Technology,Accessories,442.4,1
2018-10-30,Technology,Phones,148.48,1
2015-11-30,Office Supplies,Binders,6.64,1
2015-11-30,Office Supplies,Envelopes,62.28,1
2015-11-30,Office Supplies,Supplies,47.99,1
2015-11-30,Technology,Accessories,102.24,1
2016-11-30,Furniture,Bookcases,681.41,1
2016-11-30,Furniture,Furnishings,433.79,3
2016-11-30,Office Supplies,Appliances,98.35,1
2016-11-30,Office Supplies,Binders,162.92,3
2016-11-30,Office Supplies,Envelopes,89.36,2
2016-11-30,Office Supplies,Fasteners,10.58,1
2016-11-30,Office Supplies,Paper,49.58,2
2016-11-30,Technology,Phones,272.4,2
2017-11-30,Furniture,Chairs,389.97,1
2017-11-30,Office Supplies,Paper,47.12,2
2017-11-30,Office Supplies,Storage,496.86,1
2017-11-30,Technology,Phones,36.19,1
2018-11-30,Furniture,Chairs,2322.22,2
2018-11-30,Furniture,Furnishings,25.83,1
2018-11-30,Furniture,Tables,1781.68,1
2018-11-30,Office Supplies,Appliances,663.94,1
2018-11-30,Office Supplies,Art,155.94,1
2018-11-30,Office Supplies,Binders,68.47,1
2018-11-30,Office Supplies,Fasteners,2.37,1
2018-11-30,Office Supplies,Storage,526.85,3
2018-11-30,Technology,Accessories,479.95,2
2018-11-30,Technology,Phones,618.04,2
2015-12-30,Furniture,Tables,523.76,1
2015-12-30,Office Supplies,Appliances,122.94,1
2015-12-30,Office Supplies,Art,9.84,1
2015-12-30,Office Supplies,Binders,589.72,3
2015-12-30,Office Supplies,Envelopes,12.98,1
2015-12-30,Office Supplies,Storage,39.13,1
2015-12-30,Technology,Accessories,75.95,2
2015-12-30,Technology,Phones,798.32,3
2016-12-30,Office Supplies,Envelopes,271.44,1
2016-12-30,Office Supplies,Paper,68.52,1
2016-12-30,Office Supplies,Storage,74.94,1
2016-12-30,Technology,Machines,2548.56,1
2016-12-30,Technology,Phones,287.88,1
2017-12-30,Furniture,Chairs,170.79,1
2017-12-30,Office Supplies,Art,16.52,1
2017-12-30,Office Supplies,Binders,13.31,2
2017-12-30,Office Supplies,Labels,5.9,1
2017-12-30,Office Supplies,Paper,72.22,1
2017-12-30,Office Supplies,Storage,481.32,1
2017-12-30,Office Supplies,Supplies,13.71,1
2018-12-30,Furniture,Bookcases,323.14,1
2018-12-30,Office Supplies,Appliances,209.3,1
2018-12-30,Office Supplies,Binders,87.4,3
2018-12-30,Office Supplies,Fasteners,3.02,1
2018-12-30,Technology,Phones,90.93,1
2015-01-31,Furniture,Bookcases,290.67,1
2016-01-31,Furniture,Furnishings,53.34,1
2016-01-31,Office Supplies,Binders,32.96,1
2016-01-31,Office Supplies,Paper,12.96,1
2017-01-31,Office Supplies,Binders,1270.99,1
2017-01-31,Office Supplies,Envelopes,148.72,2
2017-01-31,Office Supplies,Paper,72.25,2
2017-01-31,Technology,Phones,109.59,1
2015-03-31,Furniture,Chairs,1125.49,1
2015-03-31,Office Supplies,Appliances,52.98,1
2015-03-31,Office Supplies,Art,4.03,1
2015-03-31,Office Supplies,Binders,697.07,5
2015-03-31,Technology,Accessories,79.98,1
2016-03-31,Furniture,Furnishings,22.38,1
2016-03-31,Office Supplies,Paper,98.38,1
2016-03-31,Technology,Phones,79.96,1
2017-03-31,Furniture,Chairs,328.0,1
2017-03-31,Technology,Accessories,31.98,1
2017-03-31,Technology,Phones,280.78,1
2018-03-31,Furniture,Bookcases,205.33,1
2018-03-31,Furniture,Furnishings,90.78,2
2018-03-31,Office Supplies,Appliances,33.62,1
2018-03-31,Office Supplies,Binders,112.13,3
2018-03-31,Office Supplies,Paper,75.04,1
2018-03-31,Office Supplies,Supplies,29.7,1
2018-03-31,Technology,Copiers,2999.95,1
2018-03-31,Technology,Phones,1434.46,3
2015-05-31,Technology,Phones,773.7,2
2016-05-31,Furniture,Bookcases,1406.86,1
2016-05-31,Furniture,Chairs,2567.84,1
2016-05-31,Furniture,Furnishings,82.04,3
2016-05-31,Office Supplies,Art,10.27,1
2016-05-31,Office Supplies,Binders,3.56,1
2016-05-31,Office Supplies,Fasteners,7.56,1
2016-05-31,Office Supplies,Labels,21.65,2
2016-05-31,Office Supplies,Paper,612.19,4
2016-05-31,Office Supplies,Storage,466.16,3
2017-05-31,Furniture,Chairs,191.08,1
2017-05-31,Furniture,Furnishings,32.06,1
2017-05-31,Office Supplies,Binders,7.15,1
2017-05-31,Office Supplies,Paper,28.86,2
2017-05-31,Technology,Phones,179.7,1
2016-07-31,Furniture,Tables,1090.78,1
2016-07-31,Office Supplies,Paper,19.44,1
2016-07-31,Office Supplies,Supplies,52.59,1
2016-07-31,Technology,Accessories,2549.35,2
2017-07-31,Furniture,Furnishings,272.94,1
2017-07-31,Furniture,Tables,863.13,1
2017-07-31,Office Supplies,Appliances,283.14,1
2017-07-31,Technology,Phones,754.95,2
2018-07-31,Furniture,Furnishings,36.96,1
2018-07-31,Office Supplies,Appliances,155.88,1
2018-07-31,Office Supplies,Binders,878.48,3
2018-07-31,Office Supplies,Paper,66.36,2
2018-07-31,Office Supplies,Storage,56.56,1
2018-07-31,Technology,Accessories,41.42,1
2018-07-31,Technology,Phones,322.37,2
2015-08-31,Technology,Accessories,92.52,1
2016-08-31,Furniture,Bookcases,1552.83,1
2016-08-31,Office Supplies,Binders,137.24,1
2016-08-31,Office Supplies,Paper,79.28,2
2016-08-31,Technology,Accessories,36.51,1
2016-08-31,Technology,Machines,239.98,1
2016-08-31,Technology,Phones,555.96,1
2017-08-31,Office Supplies,Storage,23.97,1
2018-08-31,Furniture,Chairs,569.57,1
2018-08-31,Office Supplies,Appliances,638.73,1
2018-08-31,Office Supplies,Binders,6.67,1
2018-08-31,Office Supplies,Fasteners,8.38,1
2018-08-31,Office Supplies,Paper,229.54,1
2018-08-31,Office Supplies,Storage,354.42,3
2018-08-31,Office Supplies,Supplies,6.21,1
2018-08-31,Technology,Accessories,659.9,1
2018-08-31,Technology,Phones,689.41,1
2015-10-31,Furniture,Chairs,1751.25,2
2015-10-31,Furniture,Furnishings,32.43,2
2015-10-31,Furniture,Tables,1807.35,2
2015-10-31,Office Supplies,Art,61.64,2
2015-10-31,Office Supplies,Binders,69.34,3
2015-10-31,Office Supplies,Fasteners,11.34,1
2015-10-31,Office Supplies,Paper,74.9,2
2015-10-31,Office Supplies,Storage,485.94,2
2015-10-31,Technology,Accessories,251.91,1
2015-10-31,Technology,Phones,815.92,2
2016-10-31,Furniture,Bookcases,425.83,1
2016-10-31,Furniture,Chairs,323.14,1
2016-10-31,Office Supplies,Art,7.82,2
2016-10-31,Office Supplies,Binders,437.88,3
2016-10-31,Office Supplies,Envelopes,108.99,3
2016-10-31,Office Supplies,Fasteners,17.45,1
2016-10-31,Office Supplies,Labels,427.42,1
2016-10-31,Office Supplies,Paper,19.98,1
2016-10-31,Office Supplies,Storage,46.84,1
2016-10-31,Office Supplies,Supplies,99.82,2
2016-10-31,Technology,Phones,1295.84,1
2017-10-31,Furniture,Chairs,2265.72,3
2017-10-31,Office Supplies,Art,12.39,1
2017-10-31,Office Supplies,Paper,32.06,1
2017-10-31,Office Supplies,Storage,1418.36,2
2017-10-31,Office Supplies,Supplies,21.96,1
2018-10-31,Office Supplies,Art,5.25,1
2018-10-31,Office Supplies,Envelopes,9.91,1
2018-10-31,Technology,Phones,508.77,1
2015-12-31,Furniture,Bookcases,1915.45,2
2015-12-31,Furniture,Chairs,605.88,1
2015-12-31,Furniture,Furnishings,63.2,1
2015-12-31,Office Supplies,Art,29.68,1
2015-12-31,Office Supplies,Envelopes,49.57,1
2015-12-31,Office Supplies,Labels,18.9,1
2015-12-31,Office Supplies,Paper,210.58,2
2015-12-31,Technology,Accessories,1884.07,4
2015-12-31,Technology,Phones,475.94,1
2016-12-31,Furniture,Furnishings,14.76,1
2016-12-31,Office Supplies,Binders,1204.52,7
2016-12-31,Office Supplies,Fasteners,3.49,1
2016-12-31,Office Supplies,Storage,152.69,1
2016-12-31,Office Supplies,Supplies,5.89,1
2017-12-31,Office Supplies,Art,51.26,2
2017-12-31,Office Supplies,Binders,198.14,2
2017-12-31,Office Supplies,Paper,23.48,1
2017-12-31,Office Supplies,Storage,156.51,1
2017-12-31,Technology,Phones,302.38,1
